sentence_id,entity_tag,entity_src,entity_tgt
a9011ddf,<entity1>,North America,Nordamerikas
bff78c91,<entity1>,A Song of Ice and Fire,Das Lied von Eis und Feuer
b218d184,<entity1>,Bernie Sanders,Bernie Sanders
b218d184,<entity2>,United States,Vereinigten Staaten
f477742c,<entity1>,Stephenie Meyer,Stephanie Meyers
f477742c,<entity2>,Edward Cullen,Edward Cullen
f477742c,<entity3>,Twilight,Twilight
2e3cf745,<entity1>,Mississippi River,Mississippi
a146c476,<entity1>,Texas,Texas
a146c476,<entity2>,US,Vereinigten Staaten
cf871296,<entity1>,Argentina,Argentinien
33ed28dd,<entity1>,U.S.,Vereinigten Staaten
33ed28dd,<entity2>,Baltimore,Baltimore
33ed28dd,<entity3>,Maryland,Maryland
cb790bce,<entity1>,Los Angeles Rams,Los Angeles Ram
cb790bce,<entity2>,Super Bowl,Super Bowl
cb790bce,<entity3>,Los Angeles,Los Angeles
9508d042,<entity1>,Colson Whitehead,Colson Whitehead
93caf40a,<entity1>,Moana,Vaiana
ae9f3be5,<entity1>,Friday the 13th,Freitag der 13.
ae9f3be5,<entity2>,Halloween,Halloween
def43cde,<entity1>,The Ring,Der Ring
47feccd4,<entity1>,Jurassic World,Jurassic World
47feccd4,<entity2>,The Lion King,Der König der Löwen
306c2b74,<entity1>,Academy Awards,Oscars
306c2b74,<entity2>,Helen Mirren,Helen Mirren
306c2b74,<entity3>,Cate Blanchett,Cate Blanchett
0b9c0743,<entity1>,Tom Hanks,Tom Hanks
0b9c0743,<entity2>,Academy Award,Schlaflos in Seattle
0b9c0743,<entity3>,Big or Sleepless,Big
4c5901ae,<entity1>,The Wizard of Oz,Der Zauberer von Oz
4c5901ae,<entity2>,Gone With The Wind,Vom Winde verweht
375001ec,<entity1>,The Godfather,Der Pate
3263c8a7,<entity1>,Avengers,Avengers
3263c8a7,<entity2>,The Lion King,Der König der Löwen
713f2368,<entity1>,Academy Awards,Oscars
713f2368,<entity2>,Titanic,Titanic
713f2368,<entity3>,Slumdog Millionaire,Slumdog Millionaire
8f1877c5,<entity1>,The Twilight Saga: Eclipse,Die Twillight Saga
8f1877c5,<entity2>,The Twilight Saga: New Moon,Twilight-Saga
08f05ac5,<entity1>,Moonraker,Moonraker
08f05ac5,<entity2>,Live and Let Die,Leben und sterben lassen
4b71cec9,<entity1>,Thunderball,Feuerball
d8eaa37c,<entity1>,The Matrix,Die Matrix
3723563b,<entity1>,Kill Bill: Vol. 1,Kill Bill
ce4231fe,<entity1>,Die Hard,Stirb langsam
bc81a65c,<entity1>,The Notebook,Wie ein einziger Tag
7175a825,<entity1>,The Notebook,Wie ein einziger Tag
7175a825,<entity2>,Dear John,Dear John - das Leuchten der Stille
1c7d8c65,<entity1>,Spider-Man: Homecoming,Spiderman: Homecoming
1c7d8c65,<entity2>,Spider-Man: Far from Home,Spiderman: Far from Home
f73dac8e,<entity1>,Avengers: Endgame,Avengers Endgame
f73dac8e,<entity2>,Black Panther,Black Panther
dd6fb2c2,<entity1>,300,300
dd6fb2c2,<entity2>,Troy,Troja
efaacc4d,<entity1>,The Piano,Das Piano
908a541d,<entity1>,Harry Potter and the Deathly Hallows Part 2,Harry Potter
908a541d,<entity2>,The Hunger Games,und die Heiligtümer des Todes
1c4c10ba,<entity1>,Titanic,Titanic
1c4c10ba,<entity2>,The Lost World: Jurassic Park,Jurassic Park
c476b4a4,<entity1>,Men in Black,Men in Black
c476b4a4,<entity2>,Tomorrow Never Dies,Der Morgen stirbt nie
d711d5f0,<entity1>,Air Force One,Air Force One
d711d5f0,<entity2>,As Good as It Gets,Besser geht's nicht
0d9c0aba,<entity1>,The Fifth Element,Das fünfte Element
0d9c0aba,<entity2>,The Full Monty,Ganz oder gar nicht
e182d6c8,<entity1>,Tom Holland,Tom Holland
e182d6c8,<entity2>,Tobey Maguire,Toby Maguire
75846533,<entity1>,The NeverEnding Story,Die unendliche Geschichte
510e5d5b,<entity1>,Francis Ford Coppola,Francis Ford Coppola
58706029,<entity1>,Godfather,Der Pate
58706029,<entity2>,James Caan,James Caan
4b5f2519,<entity1>,Academy Awards,Oscars
4b5f2519,<entity2>,Clint Eastwood,Clint Eastwood
fa2ccd42,<entity1>,Academy Award,Joker
32be475d,<entity1>,James Bond,James-Bond
32be475d,<entity2>,Daniel Craig,Daniel Craig
96d253fd,<entity1>,Star Wars,Star-Wars
96d253fd,<entity2>,Billy Dee Williams,Billy Dee Williams
35d96b82,<entity1>,Laurence Fishburne,Lawrence Fishburne
35d96b82,<entity2>,Morpheus,Morpheus
abe9472b,<entity1>,Academy Awards,Oscars
abe9472b,<entity2>,Steven Spielberg,Steven Spielberg
39cbef14,<entity1>,Academy Awards,Oscars
39cbef14,<entity2>,Jessica Chastain,Jessica Chastain
46c19f73,<entity1>,Child's Play,Chucky
1b7fc09d,<entity1>,Academy Awards,Oscars
1b7fc09d,<entity2>,Clint Eastwood,Clint Eastwood
848c0af9,<entity1>,Academy Awards,Das Schweigen der Lämmer
9643dda1,<entity1>,Academy Awards,Oscars
9643dda1,<entity2>,James Cameron,James Cameron
5d4ef6d0,<entity1>,Academy Awards,Oscars
5d4ef6d0,<entity2>,Clint Eastwood,Clint Eastwood
bb0663ec,<entity1>,Academy Awards,Oscars
381f8789,<entity1>,Harry Potter,Harry Potter
381f8789,<entity2>,Gilderoy Lockhart,Gileroy Lockhart
13b796d2,<entity1>,Academy Awards,Oscars
13b796d2,<entity2>,Sandra Bullock,Sandra Bullock
7a859d8b,<entity1>,Academy Awards,Oscars
7a859d8b,<entity2>,The Father,The Father
9c41b2c9,<entity1>,Academy Awards,Oscars
9c41b2c9,<entity2>,Pulp Fiction,Pulp Fiction
004fb1d4,<entity1>,Academy Awards,Oscars
004fb1d4,<entity2>,Helen Mirren,Helen Mirren
4de034f6,<entity1>,Pirates of the Caribbean,Fluch der Karibik
4de034f6,<entity2>,Johnny Depp,Jonny Depp
4de034f6,<entity3>,Jack Sparrow,Jack Sparrow
076f55e2,<entity1>,Academy Awards,Oscars
076f55e2,<entity2>,Joaquin Phoenix,Joaquin Phoenix
8fdec67b,<entity1>,Academy Awards,Oscars
8fdec67b,<entity2>,Mel Gibson,Mel Gibson
4df2564a,<entity1>,Pirates of the Caribbean,Fluch der Karibik
fdb461b3,<entity1>,The Twilight Saga,Twilight Saga
63063827,<entity1>,Academy Awards,Oscars
63063827,<entity2>,Martin Scorsese,Martin Scorsese
8e506405,<entity1>,Back to the Future,Zurück in die Zukunft
e4364f77,<entity1>,Academy Awards,Oscars
e4364f77,<entity2>,Avatar,Avatar
245cc55d,<entity1>,Academy Awards,Oscars
245cc55d,<entity2>,Jane Fonda,Jane Fonda
c9d247de,<entity1>,Star Wars,Star-Wars
c9d247de,<entity2>,Chewbacca,Chewbacca
06c03c4f,<entity1>,Tom Cruise,Tom Cruise
06c03c4f,<entity2>,Academy Award,Oscar
ea9c1c9c,<entity1>,John Travolta,John Travolta
ea9c1c9c,<entity2>,Academy Award,Oscar
5952ca5e,<entity1>,Dustin Hoffman,Dustin Hoffman
5952ca5e,<entity2>,Academy Award,Oscar
6443dcdc,<entity1>,Sandra Bullock,Sandra Bullock
6443dcdc,<entity2>,Academy Award,Oscar
340b5a62,<entity1>,Clint Eastwood,Clint Eastwood
340b5a62,<entity2>,Academy Award,Oscar
bacf9f5f,<entity1>,Matrix,Die Matrix
bacf9f5f,<entity2>,Neo,Neo
059584aa,<entity1>,Academy Awards,Oscars
059584aa,<entity2>,Titanic,Titanic
1a3f9385,<entity1>,Christopher Nolan,Hugh Jackman
1a8c5701,<entity1>,Christopher Nolan,Keanu Reeves
37c24341,<entity1>,Christopher Nolan,Matthew McConaughey
161a6504,<entity1>,Academy Award,Oscar
161a6504,<entity2>,Raoul Walsh,Raoul Walsh
161a6504,<entity3>,Irving Cummings,Irving Cummings
3d86c35c,<entity1>,Oscars,Oscar
5a7a384e,<entity1>,Best Picture,Oscar
f8b98e1c,<entity1>,Tim Burton,Danny Elfman
5d65d703,<entity1>,Pirates of the Caribbean,Fluch der Karibik
5d65d703,<entity2>,Keira Knightley,Keira Knightley
42061acb,<entity1>,Alfred Hitchcock,Alfred Hitchcock
6b22aff8,<entity1>,Lord of the Rings,Herr der Ringe
6b22aff8,<entity2>,Oscar,Oscar
f4168bd3,<entity1>,Star Wars,Star Wars
fa08c557,<entity1>,The Godfather,Der Pate
af632860,<entity1>,Quentin Tarantino,Uma Thurman
781e6a1d,<entity1>,Leonardo DiCaprio,Leonardo DiCaprio
7e96646d,<entity1>,Christmas,Oscars
f949efcc,<entity1>,James Stewart,James Stewart
f949efcc,<entity2>,Academy Award,Oscar
66e66d5d,<entity1>,Rebel Without a Cause,Oscar
015e0dd9,<entity1>,Best Picture Oscar,Oscar
7264af05,<entity1>,Glenn Close,Glenn Close
2c576ee0,<entity1>,Peter Jackson,Peter Jackson
2c576ee0,<entity2>,Best Picture,Oscar
000c8562,<entity1>,Tim Burton,Tim Burton
5832e733,<entity1>,Alfonso Cuarón,Oscar
9f61e8d8,<entity1>,Scorsese,Oscar
9f61e8d8,<entity2>,De Niro,DeNiro
7ec61214,<entity1>,David Fincher,Pitt
7ec61214,<entity2>,BAFTA Award,BAFTA Award
9bcc144a,<entity1>,Lawrence of Arabia,Lawrence von Arabien
4001d7e5,<entity1>,Matrix,Die Matrix
4001d7e5,<entity2>,Lilly Wachowski,Lily Wachowski
8cf618ec,<entity1>,Jim Carrey,Jim Carrey
d3f06b09,<entity1>,Steven Spielberg,Jeff Goldblum
542fd4e6,<entity1>,Steven Spielberg,Richard Dreyfus
63fd3dba,<entity1>,Steven Spielberg,Tom Cruise
2ff83a9b,<entity1>,Quentin Tarantino,Woody Harrelson
83ce8518,<entity1>,M. Night Shyamalan,Samuel L Jackson
7f195133,<entity1>,Academy Awards,Academy Awards
b35fda31,<entity1>,Final Destination,Final Destination
b35fda31,<entity2>,Canada,Kanada
4757d5ff,<entity1>,Back to the Future,Zurück in die Zukunft
4757d5ff,<entity2>,Elisabeth Shue,Elisabeth Shue
70c8ae5a,<entity1>,United States,USA
70c8ae5a,<entity2>,Spider-Man,Spiderman
bfebcad0,<entity1>,Die Hard,Stirb Langsam
bfebcad0,<entity2>,Samuel L. Jackson,Samuel L. Jackson
e2152456,<entity1>,Pet Sematary,Friedhof der Kuscheltiere
e2152456,<entity2>,Alien 3,Alien 3
60d0d2bf,<entity1>,Troy,Troja
1cbe8494,<entity1>,James Bond,James Bond
1cbe8494,<entity2>,Ireland,Irland
1fc0397c,<entity1>,Oscar,Oscar
d31367c1,<entity1>,Stanley Kubrick,Stephen King
15a76dda,<entity1>,The Graduate,Triple Crown of Acting
15a76dda,<entity2>,Triple Crown of Acting,Reifeprüfung
ab658298,<entity1>,12 Angry Men,Die zwölf Geschworenen
93ce505b,<entity1>,Ryan Reynolds,Ryan Renolds
93ce505b,<entity2>,Black Widow,Black Widow
d17bf935,<entity1>,Marvin's Room,Marvins Töchter
9259c025,<entity1>,Wachowski Brothers,Wachowski
9259c025,<entity2>,Keanu Reeves,Keanu Reeves
723e21e8,<entity1>,Vanni Corso,Vanni Corso
723e21e8,<entity2>,A Business Affair,Liebe und andere Geschäfte
87b569b1,<entity1>,Gone with the Wind,verweht
87b569b1,<entity2>,A Streetcar Named Desire,Endstation Sehnsucht
bad12250,<entity1>,Spider-Man,Spiderman
bad12250,<entity2>,England,England
70cc549b,<entity1>,The Call of the Wild,Ruf der Wildnis
70cc549b,<entity2>,Star Wars,Star Wars
e74425b1,<entity1>,Blue Lagoon,Die blaue Lagune
e74425b1,<entity2>,Princeton University,Princeton University
049fb505,<entity1>,Freaky Friday and the Parent Trap,Freaky Friday
049fb505,<entity2>,Bronx,Bronx
ed67ce8c,<entity1>,Stephen King,Rob Reiner
ed67ce8c,<entity2>,Rob Reiner,Kathy Bates
a75583a2,<entity1>,Stephen King,Tim Curry
9989cfca,<entity1>,The Island,Die Insel
a241bab1,<entity1>,Squid Game,Squid Game
a241bab1,<entity2>,India,Indien
07a07d09,<entity1>,Drive,Drive
07a07d09,<entity2>,Mickey Mouse,Mickey Maus Club
27b74b8b,<entity1>,Anthony Hopkins,Antony Hopkins
27b74b8b,<entity2>,CS Lewis,CS Lewis
4ce85859,<entity1>,March of the Penguins,Die Reise der Pinguine
35575c6b,<entity1>,Burt Lancaster,Burt Lancasters
35575c6b,<entity2>,Sweet Smell of Success,Dein Schicksal in meiner Hand
35575c6b,<entity3>,High School of Performing Arts,High School of Performing Arts
35575c6b,<entity4>,New York City,New York City
7bb95643,<entity1>,Terry Malloy,Terry Malloy
7bb95643,<entity2>,On the Waterfront,Die Faust im Nacken
c8b37bb1,<entity1>,The Goonies,Die Goonies
08f6a103,<entity1>,The Hangover,Hangover
4dd92765,<entity1>,Mona Lisa Smile,Mona Lisas Lächeln
09a4b099,<entity1>,Hunter Thompson,Hunter Thompson
09a4b099,<entity2>,Where the Buffalo Roam,Blast – Wo die Büffel röhren
c8b19b49,<entity1>,Winter Soldier,Winter Soldier
ecb7180c,<entity1>,Achilles,Achilles
ecb7180c,<entity2>,Troy,Troja
ed6b5f12,<entity1>,Field of Dreams,Feld der Träume
47116277,<entity1>,The Hangover,Hangover
11e50432,<entity1>,Harry Potter,Harry Potter
11e50432,<entity2>,Harry Potter and the Half Blood Prince,Harry Potter und der Halbblutprinz
d591c54e,<entity1>,Legally Blonde,Natürlich Blond
8b614fcc,<entity1>,The Mummy,Die Mumie
e97452f7,<entity1>,The Terminal,Terminal
4c27e8c3,<entity1>,Ed Warren,Ed Warren
4c27e8c3,<entity2>,The Conjuring,Conjuring –
a77046cd,<entity1>,Oscar,Oscars
3386f283,<entity1>,Forrest Gump,Forest Gump
5e27ba08,<entity1>,Spider-Man 2002,Spiderman
059a6200,<entity1>,Pirates of the Caribbean,Fluch der Karibik
03f9b7f6,<entity1>,Dirty Harry,Dirty-Harry
7f0edb54,<entity1>,Pirates of the Caribbean,Fluch der Karibik
da298924,<entity1>,Star Wars,Star-Wars
204812e6,<entity1>,Hunger Games,Die Tribute von Panem
efaa8847,<entity1>,Hunger Games,Die Tribute von Panem
3d7c49de,<entity1>,Oscar,Oscar
64957716,<entity1>,Back To The Future,Zurück in die Zukunft
89b08063,<entity1>,Roy Schneider,Roy Scheider
a8927bb4,<entity1>,Pirate of the Caribbean,Fluch der Karibik
59ce0573,<entity1>,Steven Spielberg,Steven Spielber
ff027a48,<entity1>,Best Picture Oscars,Oscars
0914ba88,<entity1>,United States,Vereinigten Staaten
cbebba06,<entity1>,United States,Vereinigten Staaten
add9ac1c,<entity1>,United States,Vereinigten Staaten
2dbab681,<entity1>,United States,Vereinigten Staaten
5e868887,<entity1>,Academy Award,Oscar
5866c25c,<entity1>,Academy Awards,Oscars
ca622ac1,<entity1>,Academy Awards,Oscars
4061de42,<entity1>,Academy Awards,Oscars
6eb1bc44,<entity1>,Academy Awards,Oscars
6092bf62,<entity1>,Academy Award,Oscar
87b2dd11,<entity1>,Academy Award,Oscar
78886b0a,<entity1>,The Sandlot,Herkules und die Sandlot Kids
2267b539,<entity1>,Hunger Games,Die Tribute von Panem
11917d3b,<entity1>,Academy Awards,Oscars
4b630abc,<entity1>,Academy Award,Oscars
fc9e9d25,<entity1>,Academy Award,Oscar
7d8a94d2,<entity1>,Pirates of the Caribbean,Fluch der Karibik
3ff1a5e1,<entity1>,Disney,Disney
3ff1a5e1,<entity2>,How to Train Your Dragon,Drachenzähmen leicht gemacht
c2dd55fb,<entity1>,Harry Potter,Harry Potter
c2dd55fb,<entity2>,the Prisoner of Azkaban,Potter und der Gefangene von Askaban
c2dd55fb,<entity3>,Harry Potter,Harry
c2dd55fb,<entity4>,the Goblet of Fire,und der Feuerkelch
2e4d0b82,<entity1>,The Hunger Games Mockingjay Part 1,Mockingjay Teil 1
2e4d0b82,<entity2>,The Hunger Games Catching Fire,Catching Fire
f7ac8524,<entity1>,West Side Story,West Side Story
f7ac8524,<entity2>,Oscars,Oskars
76279f72,<entity1>,OldBoy,OldBoy
d772923c,<entity1>,Darth Vader,Dart Vader
208b31db,<entity1>,Katy Perry,Kate Perry
208b31db,<entity2>,A Star is Born,A Star is Born
a93f8f4c,<entity1>,William Friedkin,William Friedkin
a93f8f4c,<entity2>,The Exorcist,Der Exorzist
930d8d06,<entity1>,Spider-Man,Spiderman Film
930d8d06,<entity2>,Marvel,Marvel
28f1de76,<entity1>,The English Patient,Der englische Patient
28f1de76,<entity2>,Oscar,Oscar
e4105208,<entity1>,Best Picture,Der blutige Pfad Gottes'
69f64781,<entity1>,Robert De Niro,Robert de Niro
69f64781,<entity2>,Oscar,Oscar
e16a4ea0,<entity1>,The Devil Wears Prada,Der Teufel trägt Prada
e844b8e7,<entity1>,George Lucas,George Lucas
e844b8e7,<entity2>,Star Wars: The Force Awakens,Star Wars:
02d09bcf,<entity1>,Forrest Gump,Forest Gump
02d09bcf,<entity2>,Best Picture,Oscar
0c231cbe,<entity1>,Goodfellas,Goodfellas
0c231cbe,<entity2>,Best Picture,Oscar
db5e6159,<entity1>,The Conjuring,Conjuring
af75458f,<entity1>,Tom Hanks,Tom Hanks
af75458f,<entity2>,Academy Award,Cast Away – Verschollen
af75458f,<entity3>,Cast Away,Oscar
1fb20d72,<entity1>,Harry Potter,Harry Potter und der Feuerkelch
7cefb323,<entity1>,Robert Pattinson,Robert Pattinson
7cefb323,<entity2>,Harry Potter and the Chamber of Secrets,Harry Potter und die Kammer des Schreckens
b1266bdc,<entity1>,Fellowship of the Ring,Der Herr der Ringe
c71d56ac,<entity1>,The Matrix,Matrix
aebea4d3,<entity1>,Amy Poehler,Amy Poehler
aebea4d3,<entity2>,Inside Out,Alles steht Kopf
8ed50f04,<entity1>,Orca,Der weiße Hai Orca
5318ab2b,<entity1>,Sean Connery,Sean Connery
5318ab2b,<entity2>,Dr. No,Dr. No
6d61a86e,<entity1>,Michael J. Fox,Michael J. Fox
6d61a86e,<entity2>,Back to the Future,Zurück in die Zukunft
c3c84e28,<entity1>,Dan Aykroyd,Dan Akroyd
c3c84e28,<entity2>,Bill Murray,Bill Murray
aa15a0e2,<entity1>,Chris Farley,Chris Farley
aa15a0e2,<entity2>,Dan Aykroyd,Dan Akroyd
4fbb0731,<entity1>,Best Picture,Oscar
2574f715,<entity1>,Jennifer Aniston,Jennifer Aniston
2c58922f,<entity1>,Steven Spielberg,Steven Spielberg
2c58922f,<entity2>,Back to the Future,Zurück in
cf5cb531,<entity1>,Romancing the Stone,Auf der Jagd nach dem grünen Diamanten
cf5cb531,<entity2>,Colombia,Kolumbien
dc6f3e00,<entity1>,Chiwetel Ejiofor,Chiwetel Ejiofor
dc6f3e00,<entity2>,Academy Award,Oscar
3932a7fd,<entity1>,Lady Gaga,Lady Gaga
3932a7fd,<entity2>,Beyoncé,Beyonce
fe534b8c,<entity1>,AC/DC,ACDC
fe534b8c,<entity2>,Bon Scott,Bon Scott
fe534b8c,<entity3>,Brian Johnson,Brian Johnson
d08dd810,<entity1>,The Dark Side of the Moon,The Dark Side of the Moon
d08dd810,<entity2>,The Wall,The Wall
ee4c9b21,<entity1>,Lana Del Rey,Lana Del Ray
ee4c9b21,<entity2>,Adele,Adele
22bad0ea,<entity1>,Grammys,Grammys
22bad0ea,<entity2>,Beyoncé,Beyonce
22bad0ea,<entity3>,Adele,Adele
b01872c6,<entity1>,Jennifer Lopez,Jennifer Lopez
b01872c6,<entity2>,Beyoncé,Beyonce
99af8cd6,<entity1>,Beyoncé,Beyonce
99af8cd6,<entity2>,Cardi B,Cardi B
85c51be3,<entity1>,Beyoncé,Beyonce
85c51be3,<entity2>,Taylor,Taylor Swift
f0b960d7,<entity1>,Baby One More Time,Baby One More Time
f0b960d7,<entity2>,Womanizer,Womanizer
c0977aea,<entity1>,Beyoncé,Lemonade
c0977aea,<entity2>,I Am... Sasha Fierce,I Am... Sasha Fierce
7eb0dc92,<entity1>,Homecoming: The Live Album,The Live Album
7eb0dc92,<entity2>,The Lion King: The Gift,The Lion King
eac22d68,<entity1>,2 of Amerikaz Most Wanted,2 of Americaz Most Wanted
2375ec0a,<entity1>,Limp Bizkit,Limp Biskit
2375ec0a,<entity2>,Gold Cobra,Gold Cobra
2375ec0a,<entity3>,Significant Other,Significant Other
c447a092,<entity1>,Grammys,Grammys
c447a092,<entity2>,Elvis,Elvis
c447a092,<entity3>,Bruce Springsteen,Bruce Sprinsteen
35371149,<entity1>,Green Album,Green Album
35371149,<entity2>,Red Album,Red Album
a0a000df,<entity1>,Blackpink,Black Pink
4d2011f2,<entity1>,Amon Amarth,Amon Amarth
4d2011f2,<entity2>,Sweden,Schweden
0c6f2093,<entity1>,Fredrik Andersson,Fredrik Andersson
57d6e3d9,<entity1>,Grammy Award,Grammy Award
57d6e3d9,<entity2>,Wide Awake,Wide Awake
57d6e3d9,<entity3>,Katy Perry,Kate Perry
26d6d309,<entity1>,The Police,The Police
2962b977,<entity1>,Metallica,Lars Ulrich
efa56ecf,<entity1>,Ol' Dirty Bastard,Dirty Bastard
592f0660,<entity1>,Van Halen,David Lee Roth
7172ecbb,<entity1>,Natalie Merchant,Natalie Merchant
9447f434,<entity1>,Steppenwolf,Steppenwolf
9447f434,<entity2>,Canada,Kanada
4c555b9c,<entity1>,The Easybeats,Easybeats
4c555b9c,<entity2>,Australia,Australiens
b739b77d,<entity1>,Ireland,Irland
b17099db,<entity1>,Ozzy Osbourne,Ozzy Osbourne
0a94d250,<entity1>,Deep Purple,Purple
61c45307,<entity1>,Linda Ronstadt,Linda Ronstadt
fb15deb3,<entity1>,Blackpink,Blackpink
fb15deb3,<entity2>,South Korea,Südkorea
9c63932e,<entity1>,South Korea,Südkorea
ab5b1a22,<entity1>,G-Idle,G-idle
ab5b1a22,<entity2>,South Korea,Südkorea
f3da5e99,<entity1>,South Korea,Südkorea
2f7ea70b,<entity1>,Record of the Year Grammy,Grammy
767187e4,<entity1>,Sauce Factory,Sauce Factory
a345153f,<entity1>,David Bisbal,David Bishal
c1ae55dc,<entity1>,Grammy Award,Grammy Award
c1ae55dc,<entity2>,Newsboys',Newboys
c1ae55dc,<entity3>,Take Me To Your Leader,Take Me To Your Leader
bab7d2c3,<entity1>,Grammy Award,Grammy Award
bab7d2c3,<entity2>,Newsboy,Newboys
bab7d2c3,<entity3>,Adoration: The Worship Album,The Worship Album
00abdc69,<entity1>,Bee Gees,BeeGees
4f157c6c,<entity1>,T. Rex,T.Rex
12cfbc52,<entity1>,Rolling Stones,Rolling Stones
12cfbc52,<entity2>,Pirates of the Caribbean: At World's End,Pirates of the Caribbean -
a8189364,<entity1>,Modest Mouse,Modest House
a8189364,<entity2>,The Smiths,The Smiths
0e304d15,<entity1>,Romford,Romford
0e304d15,<entity2>,England,England
688d1821,<entity1>,Canada,Kanada
688d1821,<entity2>,Titanic,Titanic
60df9411,<entity1>,The White Stripes,The White Stripes
60df9411,<entity2>,Walk Hard: The Dewey Cox Story,Dewey Cox Story
3c0dab8e,<entity1>,Destiny's Child,Destinys Child
3c0dab8e,<entity2>,Dreamgirls,Dreamgirls
9817e41b,<entity1>,Den of Thieves,Criminal Squad
c4a46746,<entity1>,G-Unit,G-UNIT
c4a46746,<entity2>,Den of Thieves,Criminal Squad
4cc87069,<entity1>,U2,U2
937bf178,<entity1>,Jackson 5,Jackson
937bf178,<entity2>,Paula Abdul,Paul Abdul
b741e1be,<entity1>,Highwaymen,Highwaymen
b741e1be,<entity2>,America the Beautiful,America the Beatiful
b741e1be,<entity3>,WrestleMania VII,WrestleMania VII
8f516b49,<entity1>,BTS,BTS
9342d585,<entity1>,Yummy,Yummy
835f270c,<entity1>,Nutcracker,Der Nussknacker
776fcb0f,<entity1>,August Alsina,August Alsina
776fcb0f,<entity2>,BET Award,Award
282ca4f0,<entity1>,T.Rex's,T.Rex
d350ea9c,<entity1>,Beyoncé,Beyonce
1fd1d97e,<entity1>,Beyoncé,Beyonce
1fd1d97e,<entity2>,Grammy,Grammy
bd04305f,<entity1>,Angela Gossow,Angela Gossaw
bd04305f,<entity2>,Arch Enemy,Arch Enemy
1c8da60d,<entity1>,UK,Vereinigten Königreich
c571aab4,<entity1>,Megan Thee Stallion,Megan the Stallion
c571aab4,<entity2>,Lollapalooza,Lollapalooza
85e623b3,<entity1>,Taylor Swift,Taylor Swift
85e623b3,<entity2>,Katy Perry,Katty Perry
410feb62,<entity1>,Beyoncé,Beyonce
410feb62,<entity2>,Record of the Year,Grammys
e712ec9a,<entity1>,R.E.M.,R.E.M
e712ec9a,<entity2>,Grammy,Grammy
663e76ea,<entity1>,My Heart Will Go On,My Heart Will Go On
663e76ea,<entity2>,Academy Award,Oscar
b576ef58,<entity1>,Russia,Russland
7d0dabb4,<entity1>,Katy Perry,Katy Perry
7d0dabb4,<entity2>,Billboard Music Awards,Billboard Music Award
1a1d9478,<entity1>,Rolling Stones,Rolling Stones
1a1d9478,<entity2>,UK,Vereinigten Königreich
cef01d78,<entity1>,T.Rex,T.Rex
cef01d78,<entity2>,UK,Vereinigten Königreich
d175ae10,<entity1>,Bee Gees,BeeGees
04e8dd6d,<entity1>,Pearl Jam,Pearl Jams
04e8dd6d,<entity2>,Ten,Ten
04e8dd6d,<entity3>,Vs.,V.s
7398229f,<entity1>,Boban Marjanović,Boban Marjanovic
7398229f,<entity2>,Yao Ming,Yao Ming
c2617577,<entity1>,Steelers,Steelers
c2617577,<entity2>,Dallas Cowboys,Dallas Cowboys
f5424ae8,<entity1>,United States,Vereinigten Staaten
f5424ae8,<entity2>,China,China
f5424ae8,<entity3>,Summer Olympics,Olympischen Sommerspielen
f0c30b54,<entity1>,Italy,Italien
f0c30b54,<entity2>,Belarus,Weißrussland
f0c30b54,<entity3>,Summer Olympics,Olympischen Sommerspielen
ba2c58ae,<entity1>,New England Patriots,New England Patroits
ba2c58ae,<entity2>,Cleveland Browns,Clevelend Browns
c32dfe0a,<entity1>,Albert Pujols,Albert Pujos
c32dfe0a,<entity2>,Dodgers,Dodgers
f50b5bd7,<entity1>,Philadelphia Phillies,Philadelphia Philies
f50b5bd7,<entity2>,World Series,World Series
3ffa0b45,<entity1>,Super Bowls,Buffalo Bills
3ffa0b45,<entity2>,Dallas Cowboys,Dallas Cowboys
2314b6a8,<entity1>,Pittsburgh Steelers,Pittsburgh Steelers
2314b6a8,<entity2>,Dallas Cowboys,Dallas Cowboys
f8707ecc,<entity1>,Simone Biles,Simone Biles
f8707ecc,<entity2>,Gabby Douglas,Gabby Douglas
e0510724,<entity1>,Brazil,Brasilien
e0510724,<entity2>,Germany,Deutschland
4c9d2d2b,<entity1>,Olympics,Olympischen Spielen
4c9d2d2b,<entity2>,USA,USA
4c9d2d2b,<entity3>,China,China
6f1cc7ae,<entity1>,Michael Phelps,Michael Phelps
70c56f29,<entity1>,J.J. Watt,JJ Watt
70c56f29,<entity2>,Deshaun Watson,Deshaun Watson
44c3d835,<entity1>,Jack Nicklaus,Jack Nicklaus
44c3d835,<entity2>,Tiger Woods,Tiger Woods
ba9383d2,<entity1>,World Series,New York Yankees
ba9383d2,<entity2>,New York Yankees,Boston Red Sox
f41f19fb,<entity1>,Dallas Cowboys,Dallas Cowboys
f41f19fb,<entity2>,Green Bay Packers,Green Bay Packers
1fb90988,<entity1>,United States,Australien
1fb90988,<entity2>,Australia,USA
9a3f6d6b,<entity1>,EPL,Chelsea
9a3f6d6b,<entity2>,Chelsea,Arsenal
c15c785f,<entity1>,Buccaneers,Buccaneers
c15c785f,<entity2>,Super Bowl,Superbowl
1e884c20,<entity1>,Super Bowls,Superbowls
1e884c20,<entity2>,Joe Montana,Joe Montana
1e884c20,<entity3>,Tom Brady,Tom Brady
848e68f9,<entity1>,Max Verstappen,Max Verstappen
848e68f9,<entity2>,Mick Schumacher,Mick Schuhmacher
9da6dbf5,<entity1>,Green Bay Packers,Green Bay Packers
9da6dbf5,<entity2>,Dallas Cowboys,Dallas Cowboy
1001b2d2,<entity1>,Tamps Bay Buccaneers,Tamps Bay Buccaneers
1001b2d2,<entity2>,Dallas Cowboys,Dallas Cowboys
b195b851,<entity1>,Stanley,Stanley Pokale
b195b851,<entity2>,Tampa Bay Lightning,Tampa Bay Lighting
9e966d9e,<entity1>,Germany,Deutschland
e926a295,<entity1>,Tampa Bay Buccaneers,Tampa Bay Buccaneers
e1fcf7f9,<entity1>,Super Bowl,Super Bowl
e1fcf7f9,<entity2>,Green Bay Packers,Greenbay Packers
05176301,<entity1>,Super Bowls,Super Bowls
05176301,<entity2>,Michael Irvin,Michael İrvin
616f39aa,<entity1>,Brazil,Brasilien
88dbb092,<entity1>,Super Bowls,Super Bowls
88dbb092,<entity2>,Tampa Bay Buccaneers,Tampa Buy Buccaneers
33d25acd,<entity1>,Super Bowl,Superbowl
33d25acd,<entity2>,Diana Ross,Diana Ross
9aefb2e7,<entity1>,Super Bowl,Superbowl
9aefb2e7,<entity2>,James Brown,James Brown
0601e1c9,<entity1>,National League,National League
0601e1c9,<entity2>,California,Kalifornien
a82173d6,<entity1>,France,Frankreich
624759b4,<entity1>,Brazil,Brasilien
71afc4ec,<entity1>,Simon Biles,Simon Biles
71afc4ec,<entity2>,Olympics,Olympischen Spielen
b41d9890,<entity1>,Simone Biles,Simone Biles
0fb38177,<entity1>,Ally Raisman,Ally Raisman
66aea708,<entity1>,Luis Suárez,Luis Suarez
66aea708,<entity2>,European Golden Shoe,Goldenen Schuh Europas
cdbc9988,<entity1>,Victor Valdes,Victor Valdes
cdbc9988,<entity2>,Zamora trophy,Zamora-Trophäe
17c1ea1c,<entity1>,Michael Jordan,Michael Jordan
7904b5b2,<entity1>,Grand Slam,Grand-Slam-Turnier
7904b5b2,<entity2>,Roger Federer,Roger Federer
159ba898,<entity1>,Summer Olympics,Olympischen Sommerspielen
3c6c48f6,<entity1>,Olympic Games,Olympische
2c202d72,<entity1>,Michael Phelps,Michael Phelps
2c202d72,<entity2>,Olympic Games,Olympischen Spielen
779489ce,<entity1>,Seahawks,Seahawks
779489ce,<entity2>,Super Bowl,Superbowl
8e466006,<entity1>,Olympic Games,Michelle Kwan
75af68f0,<entity1>,Croatia,Kroatien
75af68f0,<entity2>,France,Frankreich
abff6fa6,<entity1>,Hannah Teter,Hannah Teter
da180721,<entity1>,John Stockton,John Stockton
da180721,<entity2>,Karl Malone,Karl Malone
8512850c,<entity1>,Michelle Kwan,Michelle Kwan
8512850c,<entity2>,Olympics,Olympischen Spielen
b33d634b,<entity1>,Willie Mays,Wille Mays
574308eb,<entity1>,Lionel Messi,Lionel Messi
574308eb,<entity2>,Argentina,Argentinien
9eaecd2e,<entity1>,Usain Bolt,Usain Bolt
63ea6b64,<entity1>,Greg Maddux,Greg Maddux
63ea6b64,<entity2>,Gold Glove Award,Gold Glove Award
12a032b5,<entity1>,Buffalo Bills,Buffalo Bills
12a032b5,<entity2>,Super Bowl,SuperBowl
7a4a7d15,<entity1>,Super Bowls,SuperBowls
7a4a7d15,<entity2>,Dolphins,Dolphins
584a23de,<entity1>,Pep Guardiola,Pep Guardiola
584a23de,<entity2>,Manchester City,Manchester City
c11b3ffc,<entity1>,Grand Slam,Grand-Slam-Tennisturnier
c11b3ffc,<entity2>,Naomi Osaka,Naomi Osaka
a4768452,<entity1>,Liverpool,Liverpool
04f212e5,<entity1>,Real Madrid,Real Madrid
54f94ded,<entity1>,European,Olympischen Spielen
d41203d0,<entity1>,NBA All-Star Game,NBA All Star Game
d41203d0,<entity2>,Milwaukee Bucks,Milwaukee Bucks
89b8a51b,<entity1>,Tacoma,Tacoma
89b8a51b,<entity2>,Washington,Washington
de774371,<entity1>,Euro 2020 England,EURO
de774371,<entity2>,Liverpool FC,FC Liverpool
b083cfa3,<entity1>,Gainbridge FieldHouse,Gainbridge Field House
b083cfa3,<entity2>,Reggie Miller,Reggie Miller
dc225cbd,<entity1>,San Francisco Giants,San Fransisco Giants
85588ff9,<entity1>,LeBron James,LeBron
91639013,<entity1>,U.S.,Moskau
91639013,<entity2>,Beijing Olympics,Beijing
68d2cdc0,<entity1>,Summer Olympic Games,Olympischen Sommerspielen
86fba36e,<entity1>,Irvine,Irvine
86fba36e,<entity2>,California,Kalifornien
24b5ae72,<entity1>,California,Kalifornien
24b5ae72,<entity2>,Wayne Gretzky,Wayne Gretzky
fc675e25,<entity1>,Canada,Kanada
fc675e25,<entity2>,PyeongChang,PyeongChang
c25747ad,<entity1>,Olympic Games,Olympischen Spiele
c25747ad,<entity2>,Olympic Games,Olympischen Spielen
c8bc3cee,<entity1>,Liverpool,Liverpool
c8bc3cee,<entity2>,Egypt,Ägypten
efa5d49c,<entity1>,Bronx,Bronx
efa5d49c,<entity2>,New York,New York
18ef28e6,<entity1>,Olympics,Olympischen Spielen
18ef28e6,<entity2>,Brooklyn Nets,Brooklyn Nets
bc37e750,<entity1>,US,Boston
bc37e750,<entity2>,Olympics,Olympischen Spiele
bc37e750,<entity3>,TD Garden,TD Garden
b1aa7082,<entity1>,2000 Olympics,Olympischen Spielen
6532363f,<entity1>,American,Olympischen Spielen
0363093e,<entity1>,Arsenal FC,FC Arsenal
5eb129a5,<entity1>,Summer Olympics,Olympischen Sommerspiele
01fff3f6,<entity1>,Springboard Diving Gold,Olympischen Spiele
c08bbe79,<entity1>,Argentinean,Copa America
3d0e04b8,<entity1>,Super Bowl,SuperBowl
20147e4d,<entity1>,Grand Slam Awards,Grand-Slam-Titeln
4f9612ac,<entity1>,Denver Broncos,Denver Broncos
4f9612ac,<entity2>,Super Bowl,Superbowl
6ec5541b,<entity1>,France,Frankreich
3188dad1,<entity1>,Rodger Federer,Rodger Federer
3188dad1,<entity2>,Grand Slam,Grand Slam
41648747,<entity1>,Rodger Federer,Rodger Federers
41648747,<entity2>,Australian Open,Australian Open
89a04ff3,<entity1>,Tom Brady,Tom Brady
89a04ff3,<entity2>,Super Bowl,Superbowl
4890a194,<entity1>,Super Bowl,Superbowl
14f20a5c,<entity1>,Grand Slam,Grand Slam
6d4d9f3d,<entity1>,Olympics,Olympischen Spielen
dce6478a,<entity1>,U.S. Open,U.S Open
4ecef26d,<entity1>,Olympics,Olympischen Spielen
f6eea2e4,<entity1>,Super Bowl,Superbowl
e04f2b15,<entity1>,Olympics,Olympischen Spielen
6728de0a,<entity1>,Grand Slam,Grand-Slam-Titel
eb28aaf8,<entity1>,Summer Olympics,Olympischen Sommerspielen
386fd53b,<entity1>,Olympics,Olympischen Spielen
9e6abe76,<entity1>,Formula 1,Formel 1
67068737,<entity1>,Grand Slams,Grand Slam
b463903d,<entity1>,Grand Slams,Grand Slam
fc5045a5,<entity1>,Kevin Harvick,Kevin Harvick
fc5045a5,<entity2>,Nascar Cup Series Championship,Nascar Cup
3322edb3,<entity1>,Mick Schumacher,Mick Schumacher
3322edb3,<entity2>,Formula 1 Championship,Formel 1
c5ed2732,<entity1>,Rafael Nadal,Rafael Nadal
c5ed2732,<entity2>,Australia,Australien
8cd0f39b,<entity1>,Los Angeles Dodgers,Los Angeles Dodgers
8cd0f39b,<entity2>,2020 World Series,World Series
dd9eec61,<entity1>,Philadelphia Eagles,Philadelphia Eagles
dd9eec61,<entity2>,Super Bowl,Superbowl
ab161c0c,<entity1>,Alix Klineman,Alix Klineman
ab161c0c,<entity2>,Olympics,Olympischen Spielen
f090aad4,<entity1>,Rashida Ellis,Rashida Ellis
f090aad4,<entity2>,Olympics,Olympischen Spielen
147d0842,<entity1>,San Francisco 49ers,San Francisco 49ers
147d0842,<entity2>,Super Bowl,Superbowl
09d3313d,<entity1>,Chad Johnson,Chad Johnson
09d3313d,<entity2>,Super Bowl,Superbowl
19d0941d,<entity1>,Michael Phelps,Michael Phelps
19d0941d,<entity2>,Olympics,Olympischen Spielen
19d0941d,<entity3>,Rio de Janeiro,Rio de Janeiro
bcfe4c31,<entity1>,Shaq,Shaq
bcfe4c31,<entity2>,Lakers,Lakers
ef37834d,<entity1>,Michael Jordan,Michael Jordan
ef37834d,<entity2>,Giannis Antetokounmpo,Giannis Antenokounmpo
22b0255e,<entity1>,Michael Phelps,Michael Phelps
22b0255e,<entity2>,Olympics,Olympischen Spielen
7fef6c10,<entity1>,NBA,NBA
7fef6c10,<entity2>,California,Kalifornien
b0084c00,<entity1>,Pittsburgh Steelers,Pittsburgh Steelers
44d89431,<entity1>,Michael Phelps,Michael Phelps
44d89431,<entity2>,Summer Olympics,Olympischen
67efb0d5,<entity1>,George Orwell,George Orwell
67efb0d5,<entity2>,Animal Farm,Animal Farm
d0d28b52,<entity1>,To Kill a Mockingbird,Wer die Nachtigall stört
de91425f,<entity1>,Catcher in the Rye,Der Fänger im Roggen
de91425f,<entity2>,To Kill a Mockingbird,Wer die Nachtigall stört
995ab6eb,<entity1>,Little Women,Little Women
19ad9cb3,<entity1>,The Catcher in the Rye,Der Fänger im Roggen
64f959fe,<entity1>,Douglas Adams,Douglas Adams
64f959fe,<entity2>,The Hitchhiker's Guide to the Galaxy,Per Anhalter durch die Galaxy
64f959fe,<entity3>,"Life, the Universe and Everything",das Universum und der ganze Rest
b23397f7,<entity1>,Goodnight Moon,Goodnight Moon
b23397f7,<entity2>,The Little Engine That Could,Die kleine blaue
739e76a0,<entity1>,RL Stine,R.L. Stine
739e76a0,<entity2>,Stephen King,Stephen King
5be7ad45,<entity1>,Bible,Bibel
5be7ad45,<entity2>,Quran,Koran
5320f237,<entity1>,Cujo,Cujo
411396f4,<entity1>,Twilight,Twilight
411396f4,<entity2>,Harry Potter and the Sorcerer's Stone,und der Stein der Weisen
031bbb16,<entity1>,For Whom the Bell Tolls,Wem die
de1f46d8,<entity1>,Crime and Punishment,Schuld und Sühne
7c46063e,<entity1>,Stephen King,Stephen King
7c46063e,<entity2>,Creepshow or,Feuerkind
6db6ee80,<entity1>,Stalking Jack the Ripper,Stalking Jack the Ripper
6db6ee80,<entity2>,Lord of the Rings,Herr der Ringe
345bea49,<entity1>,Prisoner of Azkaban,Der Gefangene von Askaban
345bea49,<entity2>,Goblet of Fire,Feuerkelch
955aa49b,<entity1>,The Hobbit,Der Hobbit
955aa49b,<entity2>,The Fellowship of the Ring,Die Gefährten des Rings
e6862885,<entity1>,Odyssey,Odyssee
e6862885,<entity2>,Odysseus,Odysseus
e6862885,<entity3>,Polyphemus,Polyphem
dc757a77,<entity1>,Harry Potter and the Goblet of Fire,Harry Potter
42cb805e,<entity1>,A Series of Unfortunate Events,Die Serie der unglückseligen Ereignisse
42cb805e,<entity2>,The Wheel of Time,Das Rad der Zeit
e5fa2581,<entity1>,Don Quixote,Don Quijote
62425078,<entity1>,The Trial,Der Prozess
62425078,<entity2>,Franz Kafka,Franz Kafka
95abb490,<entity1>,A Song of Ice and Fire,Das Lied von Eis und Feuer
95abb490,<entity2>,Wheel of Time,Das Rad der Zeit
d8e31906,<entity1>,Little Prince,Kleine Prinz
e2a44231,<entity1>,The Lord of the Rings,Der Herr der Ringe
56c56326,<entity1>,Stephen King,Stephen Kings
9ab00347,<entity1>,The Wheel of Time,Das Schwert der Wahrheit
9ab00347,<entity2>,The Sword of Truth,Das Rad der Zeit
90e0aec7,<entity1>,Lord of the Rings,Der Herr der Ringe
90e0aec7,<entity2>,Dune,Dune
428485c1,<entity1>,Wonderful Wizard of OZ,Zauberer von Oz
933bb42c,<entity1>,The Adventures of Tom Bombadil,Die Abenteuer von Tom Bombadil
933bb42c,<entity2>,Tree and Leaf,Baum und Blatt
0e4120cc,<entity1>,The Lord of the Rings,Der Herr der Ringe
e00d11e5,<entity1>,Robert Caro,Robert Caro
e00d11e5,<entity2>,Pulitzer Prize,Pulitzer-Preis
86388be1,<entity1>,David Donald,David Donalds
86388be1,<entity2>,Pulitzer Prize,Pulitzer-Preis
9796b8e8,<entity1>,David McCullough,David McCulloughs
9796b8e8,<entity2>,Pulitzer Prize,Pulitzer-Preis
1b9bad08,<entity1>,John Updike,John Updike
1b9bad08,<entity2>,Pulitzer Prize,Pulitzer-Preis
7d791fd1,<entity1>,The Lord of the Ring,Der Herr der Ringe
52be5ae6,<entity1>,Booth Tarkington,Booth Tarkingtons
52be5ae6,<entity2>,Pulitzer Prize,Pulitzer-Preis
428c88a0,<entity1>,Jane Austen,Jane Austin
6f051299,<entity1>,Bible,Bibel
2291080d,<entity1>,Canonical Gospels,Neuen Testament
83b2bc6d,<entity1>,Dante,Dante
83b2bc6d,<entity2>,Inferno,Inferno
f70c44f8,<entity1>,Robert Frost,Robert Frost
f70c44f8,<entity2>,Pulitzer,Pulitzer-Preis
8d33db47,<entity1>,Harry Potter,Harry-Potter-Reihe
e1b98464,<entity1>,Richard Ford,Richard Fords
e1b98464,<entity2>,Pulitzer Prize,Pulitzer-Preis
bd59bb2b,<entity1>,Harper Lee,Harper Lees
bd59bb2b,<entity2>,Pulitzer Prize,Pulitzer-Preis
da431607,<entity1>,Pulitzer Prizes,Pulitzer
da431607,<entity2>,John Updike,John Updike
d6284ac8,<entity1>,Booth Tarkington,Booth Tarkington
d10371c5,<entity1>,Lord of the Rings,Herr der Ringe
0dca438f,<entity1>,Moses,Mose
00d0e32e,<entity1>,Lord of the Rings,Herr-der-Ringe-Trilogie
56a2eeb8,<entity1>,Alex Cross,Alex-Cross-Buch
eb6aaa2d,<entity1>,Harry Potter,Harry-Potter-Buch
27795ff4,<entity1>,Harry Potter,Cedric Diggory
f7a1ade2,<entity1>,V.C Andrews,Andrews
43036cb1,<entity1>,V.C Andrews,Andrews
efc5f7e6,<entity1>,Holy Bible,Bibel
420c83fc,<entity1>,Lord of the Rings,Herr der Ringe
930893e0,<entity1>,Stephen King,Stephen Kings
930893e0,<entity2>,The Dark Tower,Der dunkle Turm
ce7492c6,<entity1>,Percy Jackson,Percy Jackson
2ba3d4cb,<entity1>,Sylvia Path,Sylvia Path
29627369,<entity1>,A Song of Ice and Fire,Das Lied von Eis und Feuer
29627369,<entity2>,Atlanta Olympics,Atlanta
e9e36320,<entity1>,Thrawn Trilogy,Thrawn Trilogie
e9e36320,<entity2>,Nirvana,Nirvanas
e9e36320,<entity3>,Nevermind,Nevermind
342c6fe7,<entity1>,Howard University,Howard University
342c6fe7,<entity2>,Nobel Prize,Nobelpreis
a135c990,<entity1>,Pulitzer Prize,Pulitzer Preis
46cedd69,<entity1>,Pulitzer Prize,Pulitzer Preis
2210b879,<entity1>,Harry Potter,Harry-Potter-Reihe
859ee9fe,<entity1>,A Song of Ice And Fire,Das Lied von Eis und Feuer
2ee7114a,<entity1>,The Color Purple,The Color Purple
2ee7114a,<entity2>,Pulitzer prize,Pulitzer-Preis
dcbecb9b,<entity1>,The Executioner's Song,'s Song
dcbecb9b,<entity2>,Pulitzer prize,Pulitzer-Preis
b379a919,<entity1>,Caldecott Medal,Caldecott Medaille
b379a919,<entity2>,Grand Rapids,Grand Rapids
b379a919,<entity3>,Michigan,Michigan
cfd7ab57,<entity1>,Defense Against the Dark Arts,Harry-Potter-Büchern
8b2cd02a,<entity1>,Tolkien Middle Earth,Tolkiens
236af632,<entity1>,Harry Potter,Harry-Potter-Buch
a75c3bde,<entity1>,Harry Potter,Harry-Potter-Buch
d6491ac6,<entity1>,Pale Fire,Fahles Feuer
5de017e0,<entity1>,A Portrait of the Artist as a Young Man,Ein Porträt des Künstlers
6d1a3e6f,<entity1>,To Kill a Mockingbird,Wen die Nachtigall stört
7be4c1b2,<entity1>,Gillian Flynn,Gillian Flynn
7be4c1b2,<entity2>,Academy Award,Oscars
137846b7,<entity1>,The Song of Ice and Fire,Das Lied von Eis und Feuer
b13e4877,<entity1>,The Secret Garden,Der geheime Garten
e05094ac,<entity1>,Jesse,Jesses
e05094ac,<entity2>,Bridge to Terabithia,Terabithia
7682da6c,<entity1>,The Grapes of Wrath,Früchte des Zorns
37f55556,<entity1>,The Hobbit,Der Hobbit
f76c056c,<entity1>,Grapes of Wrath,Früchte des Zorns
7ae6f61f,<entity1>,Hobbit,Hobbit
05fb95dc,<entity1>,Don Quixote,Don Quijote
8a4674ee,<entity1>,Slaughterhouse Five,Schlachthof 5
802e486f,<entity1>,Pulitzer Prize 2020,Pulitzer-Preises
af9cf15b,<entity1>,Canadian,The Handmaid's Tale
20e9c0c4,<entity1>,Lord Of The Flies,Herr der Fliegen
b5f1634a,<entity1>,Don Quixote,Don Quijote
b3e6ee05,<entity1>,George R.R. Martin,George R.R
b3e6ee05,<entity2>,A Song of Ice and Fire,Das Lied von Eis und Feuer
e7080dfc,<entity1>,Catcher in the Rye,Der Fänger im Roggen
d693069b,<entity1>,Alice in Wonderland,Alice im Wunderland
537804d6,<entity1>,Dark Tower,Der Dunkle Turm
be3eb4ac,<entity1>,Lord of Rings,Der Herr der Ringe
beb734b5,<entity1>,The Adventures of Huckleberry Finn,Huckleberry Finn
9d9069fb,<entity1>,Harry Potter,Harry-Potter-Buch
6e5e9053,<entity1>,The Grapes of Wrath,Früchte des Zorns
26f644d6,<entity1>,Catcher in the Rye,Der Fänger im Roggen
46cf0001,<entity1>,The Old Man and the Sea,Der alte Mann und das Meer
291535e0,<entity1>,Murder on the Orient Express,Mord im Orient Express
fa7e4282,<entity1>,The Old Man and the Sea,Der alte Mann und das Meer
e5f0edb6,<entity1>,Hitchhiker's guide to,Per Anhalter durch die Galaxis
0d075c69,<entity1>,One Flew Over the Cuckoo's Nest,Einer flog über das Kuckucksnest
a98a7c88,<entity1>,The Old Man and the Sea,Der alte Mann und das Meer
5e614476,<entity1>,The Catcher in the Rye,Der Fånger im Roggen
ee46c0fc,<entity1>,The Catcher in the Rye,Der Fänger im Roggen
037d40b0,<entity1>,Bible,Bibel
bd6b4119,<entity1>,Harry Potter,Harry-Potter-Reihe
ee5285d9,<entity1>,Goosebumps,Gänsehaut
2a653e9b,<entity1>,Harry Potter,Harry-Potter-Reihe
f63bdba5,<entity1>,Lord of the Rings,Herr der Ringe
f63bdba5,<entity2>,J.R.R. Tolkien,Tolkien
08422964,<entity1>,Thrawn Trilogy,Thrawn Trilogie
a355d7ae,<entity1>,Harry Potter,Harry-Potter-Reihe
bcb1ddb7,<entity1>,Stephen King,Stephen Kings
bcb1ddb7,<entity2>,Dark Tower,Der Dunkle Turm
aedf46bb,<entity1>,The Wheel of Time,Das Rad der Zeit
482a7994,<entity1>,Harry Potter,Harry-Potter-Reihe
486e9728,<entity1>,Wheel of Time,Das Rad der Zeit
0faf5b67,<entity1>,Pulitzer Prizes,Pulitzer
6e8d1123,<entity1>,Harry Potter,Harry-Potter-Buch
8635645d,<entity1>,Lord of the Rings,Herr der Ringe
9241347d,<entity1>,Bible,Bibel
9e83c651,<entity1>,Stephen King,Stephen-King-Buch
915f28b1,<entity1>,Lord of the Rings,Herr der Ringe
97dffecf,<entity1>,A Song of Ice and Fire,Das Lied von Eis und Feuer
e100145a,<entity1>,The Lord of the Rings,Herr der Ringe
01689cae,<entity1>,Lord of the Rings,Herr der Ringe
af10528c,<entity1>,Lord of the Rings,Herr der Ringe
ae4368eb,<entity1>,Guinness Book of World Records,Guinness-Buch der Rekorde
a884c77f,<entity1>,Hebrew Bible,Bibel
b859b218,<entity1>,Bible,Bibel
0d4f9681,<entity1>,Wheel of Time,Das Rad der Zeit
55e7a209,<entity1>,Pevensie,Pevensie
55e7a209,<entity2>,"The Lion, the Witch and the Wardrobe",Der König von Narnia
4721dca5,<entity1>,Dan Brown,Dan Brown
4721dca5,<entity2>,The Da Vinci Code,Sakrileg
1be2a0a9,<entity1>,Marcel Proust,Marcel Proust
6b3a392e,<entity1>,Toni Morrison,Toni Morrison
6b3a392e,<entity2>,Pulitzer Prize,Pulitzer-Preis
43f39483,<entity1>,Lord of the Flies,Der Herr der Fliegen
08551f49,<entity1>,The Greaty Gatsby,Der große Gatsby
08551f49,<entity2>,Jordan,Jordan
5ab834ef,<entity1>,Wheel of Time,Rad der
fcc214ff,<entity1>,The Great Gatsby,Gatsby
73289c1f,<entity1>,The Great Gatsby,große Gatsby
eab98276,<entity1>,Great Gatsby,Gatsby
00a436aa,<entity1>,Sweden,Schweden
7f529979,<entity1>,Ernest Hemingway,Ernest Hemingway
7f529979,<entity2>,The Old Man and the Sea,der alte Mann und das Meer
d6ea423e,<entity1>,William Shatner,William Shatner
fdf68664,<entity1>,J.K. Rowling,Rowling
fdf68664,<entity2>,Pulitzer Prize,Pulitzer-Preis
a2133be6,<entity1>,One Hundred Years of Solitude,Hundert Jahre Einsamkeit
a2133be6,<entity2>,Gabriel Garcia Marquez,Gabriel Garcia Marquez
35e22525,<entity1>,Jose Arcadio Buendia,Jose Arcado Buendia
35e22525,<entity2>,Macondo,Maconco
1056f233,<entity1>,The Alchemist,Der Alchemist
1056f233,<entity2>,Santiago,Santiago
8cdd3f49,<entity1>,Hermione Granger,Hermine Granger
8cdd3f49,<entity2>,Gryffindor House,Griffendor
06b1ebed,<entity1>,The Count of Monte Cristo,Der Graf von Monte Christo
2ee2bc01,<entity1>,The Order of the Phoenix,Orden des Phönix
3af8dcea,<entity1>,Harry Potter,Harry Potter
3af8dcea,<entity2>,Britain,Großbritannien
80ac3170,<entity1>,J.K. Rowling,Rowling
80ac3170,<entity2>,The Harry Potter,Harry-Potter-Reihe
9abef77a,<entity1>,R.L,R.L
9abef77a,<entity2>,Stine,Stine
d6144f9b,<entity1>,Welcome to Dead House,Willkommen im Totenhaus
f25c71b2,<entity1>,Charles Darwin,Charles Darwin
f25c71b2,<entity2>,Pulitzer prize,Pulitzer-Preis
c3f7fcb9,<entity1>,John Bardeen,John Bardeen
bf52adcb,<entity1>,Mark Twain,Mark Twain
bf52adcb,<entity2>,Pulitzer Prize,Pulitzer-Preis
4af83b1a,<entity1>,New Moon,New Moon
4af83b1a,<entity2>,Twilight Saga,Twilight-Saga
7d1398ba,<entity1>,Game of Thrones,Game of Thrones
7d1398ba,<entity2>,A Song of Ice and Fire,Das Lied von Eis und Feuer
8595de05,<entity1>,Alice Munro,Alice Munro
8595de05,<entity2>,Nobel Prize,Nobelpreis
82393dea,<entity1>,Gone with the Wind,Margaret Mitchell
9192051f,<entity1>,Hardy Boys,Hardy Boys
9192051f,<entity2>,River Heights,River Heights
c25ccced,<entity1>,Indonesia,Indonesien
c25ccced,<entity2>,United States,Vereinigten Staaten
4f8f6ce3,<entity1>,Bangladesh,Bangladesch
4f8f6ce3,<entity2>,Nigeria,Nigeria
a0bc72b0,<entity1>,Russia,Russland
a0bc72b0,<entity2>,Mexico,Mexiko
4cee6a0d,<entity1>,France,Frankreich
4cee6a0d,<entity2>,Germany,Deutschland
a9360d2a,<entity1>,Canada,Kanada
a9360d2a,<entity2>,Brazil,Brasilien
8b8d4b73,<entity1>,China,China
8b8d4b73,<entity2>,United States,Vereinigten Staaten
85bac755,<entity1>,Russia,Russland
85bac755,<entity2>,India,Indien
e9211518,<entity1>,Canada,Kanada
e9211518,<entity2>,Russia,Russland
d0068b09,<entity1>,Kenya,Kenia
d0068b09,<entity2>,Morocco,Marokko
1954bd0c,<entity1>,Argentina,Argentinien
1954bd0c,<entity2>,Peru,Peru
3de56673,<entity1>,Latin America,Lateinamerika
3de56673,<entity2>,Guatemala,Guatemala
3de56673,<entity3>,Peru,Peru
45a48e6a,<entity1>,South America,Südamerika
45a48e6a,<entity2>,Africa,Afrika
455ed372,<entity1>,China,China
455ed372,<entity2>,United States,Vereinigten Staaten
01cf3fca,<entity1>,North America,Nordamerika
01cf3fca,<entity2>,South America,Südamerika
7f09d0ca,<entity1>,Europe,Europa
7f09d0ca,<entity2>,North America,Nordamerika
4fd117b2,<entity1>,Yangtze,Jangtse
4fd117b2,<entity2>,Yellow River,Gelbe Fluss
d9431730,<entity1>,Yellowstone National Park,Yellowstone-Nationalpark
d9431730,<entity2>,Zion National Park,Zion-Nationalpark
ce650f58,<entity1>,Canada,Kanada
ce650f58,<entity2>,Romania,Rumänien
0a0600c3,<entity1>,Germany,Deutschland
0a0600c3,<entity2>,Cambodia,Kambodscha
b41213f2,<entity1>,Russia,Russland
b41213f2,<entity2>,Japan,Japan
62273319,<entity1>,Texas,Texas
62273319,<entity2>,France,Frankreich
f72ef22b,<entity1>,Russia,Russland
f72ef22b,<entity2>,Canada,Kanada
1f74ad9b,<entity1>,New York City,New York City
1f74ad9b,<entity2>,Mexico City,Mexiko-Stadt
5b5fb2c3,<entity1>,China,China
5b5fb2c3,<entity2>,Italy,Italien
fc90c665,<entity1>,Russia,Russland
fc90c665,<entity2>,Gabon,Gabun
7bb24dd6,<entity1>,France,Frankreich
7bb24dd6,<entity2>,Germany,Deutschland
2f9f7225,<entity1>,Russia,Russland
2f9f7225,<entity2>,Canada,Kanada
1733d72b,<entity1>,Brazil,Brasilien
1733d72b,<entity2>,Indonesia,Indonesien
e28e3473,<entity1>,Andes,Anden
e28e3473,<entity2>,Himalayas,Himalaya
51046eee,<entity1>,Russia,Russland
51046eee,<entity2>,United States,Vereinigten Staaten
5270e80f,<entity1>,Nile,Nil
5270e80f,<entity2>,Amazon,Amazonas
727b5dd5,<entity1>,Niagara Falls,Niagarafälle
727b5dd5,<entity2>,Angel Falls,Angel Falls
be3e2f98,<entity1>,Lake Superior,Lake Superior
be3e2f98,<entity2>,Lake Baikal,Baikalsee
b6312eb6,<entity1>,Delhi,Delhi
b6312eb6,<entity2>,Tokyo,Tokio
cd6cd754,<entity1>,Shanghai,Shanghai
cd6cd754,<entity2>,Tokyo,Tokio
14ad7f5b,<entity1>,Mexico City,Mexiko-Stadt
14ad7f5b,<entity2>,Tokyo,Tokio
12d389d0,<entity1>,Cairo,Kairo
12d389d0,<entity2>,Tokyo,Tokio
04984926,<entity1>,China,China
04984926,<entity2>,India,Indien
95bb37b0,<entity1>,Asia,Asien
95bb37b0,<entity2>,Europe,Europa
ea52fa3b,<entity1>,United States of America,Vereinigten Staaten von Amerika
ea52fa3b,<entity2>,Australia,Australien
a8fb3a30,<entity1>,New York,New York
a8fb3a30,<entity2>,Cairo,Kairo
9b481af4,<entity1>,India,Indien
9b481af4,<entity2>,USA,USA
e2953651,<entity1>,Bangladesh,Bangladesch
e2953651,<entity2>,Brazil,Brasilien
f3d9c3ae,<entity1>,Canada,Kanada
f3d9c3ae,<entity2>,Albania,Albanien
b7252ea3,<entity1>,Bhutan,Bhutan
b7252ea3,<entity2>,Cuba,Kuba
d46627f9,<entity1>,United States,Vereinigten Staaten
d46627f9,<entity2>,Italy,Italien
67f5e797,<entity1>,Canada,Kanada
67f5e797,<entity2>,Mexico,Mexiko
825b2cb3,<entity1>,Caspian Sea,Baikalsee
825b2cb3,<entity2>,Lake Baikal,Kaspische Meer
70c4fe29,<entity1>,Mount Fuji,Fuji
2b7f3d78,<entity1>,Germany,Deutschland
2b7f3d78,<entity2>,Poland,Polen
fefb25b6,<entity1>,Austria,Österreich
fefb25b6,<entity2>,Italy,Italien
558002f6,<entity1>,Spain,Spanien
558002f6,<entity2>,Mexico,Mexiko
490c1461,<entity1>,South Korea,Südkorea
490c1461,<entity2>,France,Frankreich
c769b5a7,<entity1>,Greenland,Grönland
c769b5a7,<entity2>,Iceland,Island
8330f2d3,<entity1>,Rwanda,Ruanda
8330f2d3,<entity2>,Bolivia,Bolivien
c2d286e6,<entity1>,United States,Vereinigten Staaten
c2d286e6,<entity2>,Canada,Kanada
6116d31f,<entity1>,Australia,Australien
6116d31f,<entity2>,New South Wales,New South Wales
6116d31f,<entity3>,Victoria,Victoria
93433cbf,<entity1>,Nile,Nil
93433cbf,<entity2>,Mississippi,Mississippi
16ba9e3a,<entity1>,Nile,Nil
c9893c85,<entity1>,United States,Vereinigten Staaten
c9893c85,<entity2>,Mississippi,Mississippi
c9893c85,<entity3>,Missouri,Missouri
91ae4541,<entity1>,Canada,Kanada
91ae4541,<entity2>,China,China
bfc8c31b,<entity1>,Rome,Rom
bfc8c31b,<entity2>,Paris,Paris
c76c7fe8,<entity1>,Lake Huron,Huronsee
c76c7fe8,<entity2>,Lake Ontario,Ontariosee
8e93e1d5,<entity1>,Yosemite National Park,Yosemite-Nationalpark
8e93e1d5,<entity2>,Wrangell-St. Elias National Park & Preserve,Wrangell-St. Elias National Park & Preserve
142fd0d1,<entity1>,Ecuador,Ecuador
142fd0d1,<entity2>,Colombia,Kolumbien
30d42682,<entity1>,Brazil,Brasilien
30d42682,<entity2>,Colombia,Kolumbien
d27a5028,<entity1>,Brazil,Brasilien
d27a5028,<entity2>,Peru,Peru
a472f9f2,<entity1>,Norway,Norwegen
a472f9f2,<entity2>,Sweden,Schweden
389b422e,<entity1>,Canada,Kanada
389b422e,<entity2>,Mexico,Mexiko
720db644,<entity1>,Brazil,Brasilien
720db644,<entity2>,Canada,Kanada
0e1670e5,<entity1>,Russia,Russland
0e1670e5,<entity2>,Mexico,Mexiko
cdd8ff3a,<entity1>,Canada,Kanada
cdd8ff3a,<entity2>,Mexico,Mexiko
103e914e,<entity1>,Canada,Kanada
103e914e,<entity2>,Mexico,Mexiko
6d79e58a,<entity1>,France,Frankreich
6d79e58a,<entity2>,Spain,Spanien
f46a2a65,<entity1>,Germany,Deutschland
f46a2a65,<entity2>,Italy,İtalien
f6523b5b,<entity1>,Nile River,Nil
f6523b5b,<entity2>,Amazon River,Amazonas
581a07ef,<entity1>,Colombia,Kolumbien
581a07ef,<entity2>,Argentina,Argentinien
04a666ad,<entity1>,Brazil,Brasilien
04a666ad,<entity2>,Mongolia,Mongolei
57e35ae9,<entity1>,Argentina,Argentinien
57e35ae9,<entity2>,Mexico,Mexiko
f46be307,<entity1>,Lake Victoria,Viktoriasee
f46be307,<entity2>,Lake Michigan,Michigansee
e843ecb8,<entity1>,Japan,Japan
e843ecb8,<entity2>,India,Indien
b89f4687,<entity1>,Russia,Russland
b89f4687,<entity2>,Germany,Deutschland
d7fbc9a4,<entity1>,Portugal,Portugal
d7fbc9a4,<entity2>,Brazil,Brasilien
b06c61b0,<entity1>,Mount Rainier,Mount Rainer
b06c61b0,<entity2>,Pike's Peak,Pike's Peak
42f1561e,<entity1>,Brazil,Brasilien
42f1561e,<entity2>,Amazonas,Amazonas
42f1561e,<entity3>,Para,Para
5edaa144,<entity1>,Brazil,Brasilien
5edaa144,<entity2>,Pedra da Mina,Pedra da Mina
5edaa144,<entity3>,Monte Caburai,Monte Caburai
7103db42,<entity1>,Brazil,Brasiliens
24b98f72,<entity1>,Canada,Kanada
24b98f72,<entity2>,U.S.,USA
24b98f72,<entity3>,Mexico,Mexiko
28d6ebbc,<entity1>,Brazil,Brasilien
28d6ebbc,<entity2>,Argentina,Argentina
593277bc,<entity1>,Mexico,Mexiko
9b45b657,<entity1>,U.S.,Pazifischen Ozean
3e6f1cfe,<entity1>,Mississippi River,Mississippi
bf01c6b1,<entity1>,Canada,Kanada
9a565918,<entity1>,United States,Vereinigten Staaten
981958a1,<entity1>,North America,Nordamerika
076a2300,<entity1>,United States,Vereinigten Staaten
f9d04771,<entity1>,Asia,Asien
490aa6c6,<entity1>,Europe,Europa
6058bc09,<entity1>,Africa,Afrika
0bc7a6d2,<entity1>,South Korea,Südkorea
ffff553c,<entity1>,Mississippi River,Mississippi
76e1a640,<entity1>,United States,Vereinigten Staaten
ed13e74f,<entity1>,Mexico,Mexiko
2853566d,<entity1>,Asia,Asiens
790920ec,<entity1>,Asia,Asien
8fa47086,<entity1>,Pacific Ocean,Pazifischen Ozean
16ea436d,<entity1>,Mexico,Mexiko
c70a1c31,<entity1>,Great Lakes,Nordamerika
95bf704c,<entity1>,South Africa,Südafrika
14d27e5e,<entity1>,Mexico,Mexiko
c55e8ecc,<entity1>,Black Sea,Schwarze Meer
144632d9,<entity1>,Russia,Russland
f86ed886,<entity1>,Great Lakes,Vereinigten Staaten
f86ed886,<entity2>,United States,Kanada
212ad4a5,<entity1>,South America,Südamerika
144e3d88,<entity1>,South America,Südamerika
207fbc16,<entity1>,Oceania,Ozeanien
dac637e4,<entity1>,Appalachian Mountains,Appalachen
69fee836,<entity1>,Canada,Kanada
3e1f8787,<entity1>,Western Europe,Westeuropa
f51d0881,<entity1>,Eastern Europe,Osteuropa
8a46fa92,<entity1>,United Kingdom,Vereinigten Königreich
7a3e6497,<entity1>,North America,Nordamerika
15850c39,<entity1>,Asia,Asiens
89531915,<entity1>,India,Indien
76375768,<entity1>,Tanzania,Tansania
414c08d7,<entity1>,Kenya,Kenia
35172f2a,<entity1>,Caucasus,Kaukasusregion
e5ec8134,<entity1>,Netherlands,Niederlanden
32ad641b,<entity1>,Italy,Italien
aeb799cc,<entity1>,Spanish,Frankreich
65e128a4,<entity1>,California,Kalifornien
fa9db9a6,<entity1>,California,Kalifornien
a400ad0a,<entity1>,Asia,Asiens
9c0211c3,<entity1>,Brazil,Brasilien
8eb292a6,<entity1>,Brazil,Brasilien
2f6689f8,<entity1>,Brazil,Brasilien
8e61cbd9,<entity1>,California,Kalifornien
ca9e4074,<entity1>,Africa,Afrika
efde53ca,<entity1>,United States,Staaten
0f9ffccb,<entity1>,United States,USA
acedd983,<entity1>,Africa,Afrika
18052190,<entity1>,U.S.,USA
18052190,<entity2>,Gulf of Mexico,Golf von Mexiko
094b3d88,<entity1>,Canada,Kanada
d1da858e,<entity1>,Africa,Afrika
7e6cc401,<entity1>,Asia,Asien
3ccb395a,<entity1>,North America,Nordamerikas
0b317685,<entity1>,European Union,Europäischen Union
eb745e89,<entity1>,Indonesia,Indonesien
5bbd77db,<entity1>,Asia,Asien
db8b9ed5,<entity1>,United States,USA
db8b9ed5,<entity2>,North America,Nordamerika
f0c5f6f0,<entity1>,Great Lakes,Kanada
a9d98c2e,<entity1>,United States,Vereinigten Staaten
89571c82,<entity1>,Great Lakes,Kanada
f035e15d,<entity1>,Great Lakes,Michigan
0feb53b9,<entity1>,Africa,Afrika
d8dc7c57,<entity1>,U.S.,Vereinigten Staaten
bdf18876,<entity1>,North America,Nordamerika
a56056ff,<entity1>,Great Lakes,Kanada
3bbbdd8b,<entity1>,Canada,Kanada
d4f9aa73,<entity1>,Great Lakes,Michigan
4974321f,<entity1>,Great Lakes,Indiana
bdb0981c,<entity1>,Great Lakes,Wisconsin
78fab67a,<entity1>,Ohio,Ohio
6edbab45,<entity1>,Bermuda Triangle,Bermudadreieck
992193b2,<entity1>,Brazil,Brasilien
77f74f20,<entity1>,Mediterranean,Mittelmeer
54a6a113,<entity1>,Atlantic Ocean,Atlantischen Ozean
fa94fd92,<entity1>,Gulf of Mexico,Golf von Mexiko
21665ac5,<entity1>,Kara Sea,Karasee
1baaea76,<entity1>,U.S.,USA
1baaea76,<entity2>,Canada,Kanada
84c5405b,<entity1>,Russia,Russland
68f6f078,<entity1>,Mississippi River,Mississippi
b0e6f3fb,<entity1>,Earth,Nepal
b0e6f3fb,<entity2>,Nepal,China
6c159cd2,<entity1>,Earth,Asien
bacb59ae,<entity1>,Earth,Afrika
97e80ba4,<entity1>,U.S.,Vereinigten Staaten
4852b1b4,<entity1>,Arabian,Afrika
d0eedea0,<entity1>,North America,Nordamerikas
d0eedea0,<entity2>,United States,Vereinigten Staaten
6dab62f7,<entity1>,Canada,Kanada
6dab62f7,<entity2>,Saskatchewan,Saskatchewan
c316fa98,<entity1>,Alpine,Euro
c316fa98,<entity2>,France,Frankreich
c316fa98,<entity3>,Germany,Deutschland
a84836e1,<entity1>,Europe,Europäischen Union
a84836e1,<entity2>,European Union,Kontinentaleuropa
cac2f2cd,<entity1>,Great Lakes,Kanada
b4cabde3,<entity1>,New England,Neuengland
b4cabde3,<entity2>,Atlantic Ocean,Atlantischen Ozean
14b9185d,<entity1>,Mediterranean Sea,Mittelmeers
14b9185d,<entity2>,Italy,Italien
8b79dc81,<entity1>,U.S.,US
26bf2bae,<entity1>,Philippines,Philippinen
41128178,<entity1>,Philippines,Philippinen
40fc9e28,<entity1>,United States,Vereinigten Staaten
40fc9e28,<entity2>,Alaska,Alaska
ff160a54,<entity1>,India,Indien
3904b977,<entity1>,United States,Vereinigten Staaten
3904b977,<entity2>,Mexico,Mexiko
997c3674,<entity1>,Gulf of Mexico,Golf von Mexico
997c3674,<entity2>,Atlantic,Atlantik
23760f7e,<entity1>,Brazil,Brasilien
af73aa0a,<entity1>,Canada,Kanadas
705fab98,<entity1>,Europe,Europa
705fab98,<entity2>,European Union,Europäischen Union
aab4f22a,<entity1>,U.S.,US
aab4f22a,<entity2>,United States,Vereinigten Staaten
73381369,<entity1>,Himalayas,Himalaya-Gebirge
2973e90e,<entity1>,Himalayas,Himalaya
6ba07c5b,<entity1>,Louisiana,Louisiana
6ba07c5b,<entity2>,United States,Vereinigten Staaten
f20efd8f,<entity1>,Utah,Utah
f20efd8f,<entity2>,United States,Vereinigten Staaten
92517af7,<entity1>,New Mexico,New Mexico
92517af7,<entity2>,U.S.,Vereinigten Staaten
d1d4fe87,<entity1>,California,Kaliforniens
d1d4fe87,<entity2>,Humboldt Bay,Humboldt Bay
d1d4fe87,<entity3>,Hunter Creek,Hunter Creek
1b716aec,<entity1>,Egypt,Ägypten
0eea8b35,<entity1>,Amazon Rainforest,Amazonas-Regenwald
34479900,<entity1>,Niagara Falls,Niagarafälle
1a64dfa3,<entity1>,Spain,Spaniens
1a64dfa3,<entity2>,Spain,Spaniens
fdc3c6d4,<entity1>,U.S.,USA
fdc3c6d4,<entity2>,Gulf of Mexico,Golf von Mexiko
e364adb7,<entity1>,Canada,Kanada
19e56ac9,<entity1>,Africa,Nordafrika
fa1af2f7,<entity1>,United States,Vereinigten Staaten
fa1af2f7,<entity2>,Old Man River,Old Man River
cf30946f,<entity1>,North America,Nordamerikas
3e327c41,<entity1>,Asia,Asiens
7a397ead,<entity1>,United States,Vereinigten Staaten
e0f8c56d,<entity1>,Russia,Russland
e0f8c56d,<entity2>,Europe,Europa
6a275cdf,<entity1>,Nebraska,Nebraska
6a275cdf,<entity2>,United States,Vereinigten Staaten
e489bac1,<entity1>,Kentucky,Kentucky
e489bac1,<entity2>,United States,Vereinigten Staaten
903b74bb,<entity1>,Brazil,Brasilien
903b74bb,<entity2>,South America,Südamerika
b198c29e,<entity1>,North America,Nordamerikas
b198c29e,<entity2>,Mount Mitchell,Mount Mitchell
bfdfde0d,<entity1>,Eiffel Tower,Eiffelturm
a3e8a57a,<entity1>,South America,Südamerikas
a3e8a57a,<entity2>,Machu Picchu,Machu Picchu
4666cea4,<entity1>,Baghdad,Bagdad
4666cea4,<entity2>,Euphrates,Euphrat
bbdaa577,<entity1>,North America,Nordamerika
6cdf80c2,<entity1>,Egypt,Ägypten
d241ec77,<entity1>,Africa,Afrika
bcd7320d,<entity1>,Central America,Mittelamerika
7736625d,<entity1>,US,US
7736625d,<entity2>,Pacific Ocean,Pazifischen Ozean
234a6bb9,<entity1>,Mediterranean Sea,Mittelmeer
234a6bb9,<entity2>,Black Sea,Schwarze Meer
139259a5,<entity1>,Pacific,Pazifik
139259a5,<entity2>,United States,Vereinigten Staaten
2b795cbb,<entity1>,Pyrenees,Pyrenäen
c05bbab4,<entity1>,Europe,Europa
9b586b9c,<entity1>,France,Frankreich
9b586b9c,<entity2>,Italy,Italien
2cac592f,<entity1>,Austria,Österreich
2cac592f,<entity2>,Romania,Rumänien
4cf59fe1,<entity1>,Russia,Russlands
4cf59fe1,<entity2>,Xiongnu,Xiongnu Konföderation
3fd2c7bf,<entity1>,U.S.,Yellowstone-Nationalpark
4206582b,<entity1>,Brazilian,Itanhaem
24ad788b,<entity1>,United States,Vereinigten Staaten
24ad788b,<entity2>,U.S.,US
331a0d66,<entity1>,Philippines,Philippinen
331a0d66,<entity2>,Benguet,Benguet
331a0d66,<entity3>,City of Pines,Stadt der Kiefern
eee652f0,<entity1>,Canada,Kanada
0ce053f9,<entity1>,Colorado,Colorado
0ce053f9,<entity2>,United States,Vereinigten Staaten
e7534034,<entity1>,Alaska,Alaska
e7534034,<entity2>,United States,Vereinigten Staaten
931ced37,<entity1>,United States,Vereinigten Staaten
931ced37,<entity2>,Guadalupe Peak,Guadalupe Peak
780c3185,<entity1>,United States,Vereinigten Staaten
780c3185,<entity2>,Jerimoth Hill,Jerimoth Hill
d4274c11,<entity1>,United States,Vereinigten Staaten
d4274c11,<entity2>,Mount Whitney,Mount Whitney
d850de12,<entity1>,Italy,Italien
cb358143,<entity1>,North America,Nordamerika
161e7bcc,<entity1>,Senegal,Senegal
161e7bcc,<entity2>,Africa,Afrika
a2d8ac91,<entity1>,Baghdad,Bagdad
7f21d41c,<entity1>,Africa,Afrika
031fb164,<entity1>,Europe,Europa
ec1d94cf,<entity1>,South America,Südamerikas
097bdae8,<entity1>,Eiffel Tower,Eiffelturm
b03ffd2f,<entity1>,United States,Vereinigten Staaten
47e37ab8,<entity1>,Europe,Europas
310409f0,<entity1>,The Great Wall of China,Chinesische Mauer
2d19c0c3,<entity1>,Eiffel Tower,Eiffelturm
b1d612f6,<entity1>,Scotland,Schottland
aae0225d,<entity1>,Rhine,Rhein
926d6a87,<entity1>,Europe,Europa
126d380f,<entity1>,South America,Südamerika
05bf6c78,<entity1>,of Pisa,Pisa
3e7e2b48,<entity1>,Mount Kilimanjaro,Kilimandscharo
51cadbae,<entity1>,Europe,Europa
07527acb,<entity1>,Colosseum,Kolosseum
8324d43a,<entity1>,White House,Weiße Haus
ce3978f5,<entity1>,Yosemite National Park,Yosemite
70974d8e,<entity1>,Colosseum,Kolosseum
9996557c,<entity1>,United States,Vereinigten Staaten
33e5fe56,<entity1>,Second City,Second City
33e5fe56,<entity2>,Windy City,Windy City
084d85a2,<entity1>,Asia,Asien
7d6cebf2,<entity1>,United States,Vereinigten Staaten
66ed4de7,<entity1>,Canada,Kanadas
f84744b2,<entity1>,Spain,Spaniens
3c469148,<entity1>,United States,Vereinigten Staaten
0d64b1d0,<entity1>,Mexico,Mexiko
589a4017,<entity1>,Cape Krusenstern,Kap Krusenstern
f448e4bd,<entity1>,Greece,Griechenland
d9d33fe0,<entity1>,United States,Vereinigten Staaten
116efff1,<entity1>,Mount Vesuvius,Vesuv
6069bc49,<entity1>,Yellowstone National Park,Yellowstone-Nationalparks
cbe513b9,<entity1>,Russia,Russland
53f6d7df,<entity1>,Yosemite National Park,Yosemite
1c6e5edf,<entity1>,South America,Südamerikas
8efc069f,<entity1>,North America,Nordamerika
a199dddc,<entity1>,Australia,Australien
72c5d3c0,<entity1>,Australia,Australiens
abbd23ef,<entity1>,North America,Nordamerikas
b1abbde7,<entity1>,North America,Nordamerika
7400bc0a,<entity1>,North America,Nordamerika
6c58203c,<entity1>,North America,Nordamerika
366b0d8a,<entity1>,North America,Nordamerika
0fbb68de,<entity1>,South America,Südamerika
48eaaf25,<entity1>,Africa,Afrika
c0911157,<entity1>,Europe,Europa
7d284bf9,<entity1>,Mexico,Mexiko
c8ca668f,<entity1>,Russia,Russland
59b2b85f,<entity1>,Europe,Europa
c456e54b,<entity1>,Asia,Asien
a458fa12,<entity1>,North America,Nordamerikas
c04220c9,<entity1>,North America,Nordamerikas
844c1e12,<entity1>,Africa,Afrika
a00b9527,<entity1>,United States,Vereinigten Staaten
18ec8b33,<entity1>,North America,Nordamerika
3c69e08f,<entity1>,Europe,Europa
3fc4b90b,<entity1>,Africa,Afrika
9ba443d5,<entity1>,Brazil,Brasilien
ffcfb723,<entity1>,Popocatépetl,Popocatepetl
ffdf8f3c,<entity1>,Asia,Asien
fb628796,<entity1>,Europe,Europa
51bd172e,<entity1>,South America,Südamerika
4aa8b85f,<entity1>,Africa,Afrika
a3d35fe2,<entity1>,Africa,Afrika
bcd39154,<entity1>,America,Amerika
8e6811f5,<entity1>,Africa,Afrika
401ed50e,<entity1>,Iceland,Island
6ffa417e,<entity1>,North America,Nordamerika
67aa5f8a,<entity1>,Asia,Asien
127a4c7b,<entity1>,Asia,Asien
6ce5376e,<entity1>,Africa,Afrika
94bf50b2,<entity1>,Africa,Afrika
2177541e,<entity1>,Africa,Afrika
d9bc9331,<entity1>,South America,Südamerika
01595b07,<entity1>,California,Kalifornien
8c416ba4,<entity1>,California,Kalifornien
9995c309,<entity1>,California,Kaliforniens
457e360f,<entity1>,Denmark,Dänemark
ccd9cdff,<entity1>,Mexico,Mexiko
7bee8924,<entity1>,Brazil,Brasiliens
3512c90d,<entity1>,India,Indiens
0df40c53,<entity1>,Australia,Australiens
cb71611a,<entity1>,Canada,Kanadas
38a8550a,<entity1>,Germany,Deutschlands
0964c4e6,<entity1>,Australia,Australiens
54333d69,<entity1>,Scotland,Schottlands
37fe79cc,<entity1>,Asian,Asiens
3add2741,<entity1>,Oceania,Ozeaniens
7cd29dc9,<entity1>,Africa,Afrika
0db28c46,<entity1>,North America,Nordamerika
5a449509,<entity1>,Russia,Russland
59a17c1d,<entity1>,North America,Nordamerika
f7f8ea0b,<entity1>,Africa,Afrika
83a595fc,<entity1>,Canada,Kanada
eb370592,<entity1>,Canada,Kanada
ecc80a6a,<entity1>,Ireland,Irland
1420b12f,<entity1>,Great Lakes,USA
2738f9b7,<entity1>,Africa,Afrikas
75201057,<entity1>,Asia,Asiens
aed9d850,<entity1>,Africa,Afrikas
48eaef39,<entity1>,Africa,Afrika
3052ff96,<entity1>,Africa,Afrikas
f4f39e5f,<entity1>,California,Kaliforniens
09ec6f90,<entity1>,Canada,Kanadas
d175d8ca,<entity1>,Egypt,Ägyptens
37742863,<entity1>,Asia,Asiens
781f9c07,<entity1>,Africa,Afrikas
f2314125,<entity1>,Europe,Europas
ca0e1b6e,<entity1>,Asia,Asien
358b0a1a,<entity1>,Italy,Italien
358b0a1a,<entity2>,Greece,Griechenland
e3a4d2cd,<entity1>,Eiffel Tower,Eiffelturm
e3a4d2cd,<entity2>,Italy,Italien
217a526d,<entity1>,"Washington, D.C.",Washington D.C.
217a526d,<entity2>,United States,USA
d70baaf2,<entity1>,"Washington, D.C.",Washington D.C.
d70baaf2,<entity2>,Washington,Washington
1cc9786a,<entity1>,Sacramento,Sacramento
1cc9786a,<entity2>,California,Kalifornien
3927a2ed,<entity1>,Saudi Arabia,Saudi-Arabien
29099f6c,<entity1>,Copenhagen,Kopenhagen
29099f6c,<entity2>,Denmark,Dänemark
3039db1d,<entity1>,Brazil,Brasilien
3039db1d,<entity2>,Antarctica,Antarktis
19d4cd08,<entity1>,Mount Vesuvius,Vesuv
19d4cd08,<entity2>,Italy,Italien
74d3cd1b,<entity1>,Iceland,Island
a1831e05,<entity1>,South America,Südamerika
48a1cee8,<entity1>,Rome,Rom
48a1cee8,<entity2>,Italy,Italiens
529a08c0,<entity1>,Yellow River,Asiens
d6c781ff,<entity1>,Damascus,Damaskus
d6c781ff,<entity2>,Syria,Syrien
d6c781ff,<entity3>,Asia,Asiens
9c790e3c,<entity1>,Toronto,Toronto
9c790e3c,<entity2>,Canada,Kanadas
4db6b80a,<entity1>,Buenos Aires,Buenos Aires
4db6b80a,<entity2>,Argentina,Argentinien
89da8a23,<entity1>,Sacramento,Sacramento
89da8a23,<entity2>,California,Kalifornien
e090eadd,<entity1>,China,China
8c663edf,<entity1>,Philippines,Philippinen
19f43d2b,<entity1>,Damascus,Damaskus
5af60224,<entity1>,Germany,Deutschland
16c4703e,<entity1>,Eiffel Tower,Eiffelturm
16c4703e,<entity2>,Spain,Spanien
83256e1e,<entity1>,Beijing,Peking
83256e1e,<entity2>,United States,USA
85f98536,<entity1>,Mississippi River,Mississippi
85f98536,<entity2>,United States,USA
df709bc9,<entity1>,Missouri River,Missouri
df709bc9,<entity2>,United States,USA
cf6c17ef,<entity1>,Athens,Athen
cf6c17ef,<entity2>,Greece,Griechenlands
2b619bb6,<entity1>,Tokyo,Tokio
2b619bb6,<entity2>,China,China
74935570,<entity1>,Toronto,Toronto
74935570,<entity2>,Canada,Kanadas
a504cf35,<entity1>,Lake Superior,Lake Superior
a504cf35,<entity2>,Lakes,Nordamerikas
30754669,<entity1>,Melbourne,Melbourne
30754669,<entity2>,Australia,Australiens
ffea9820,<entity1>,Tokyo,Tokio
ffea9820,<entity2>,Japan,Japans
fe1ddf66,<entity1>,Naples,Neapel
fe1ddf66,<entity2>,Italy,Italien
145dee0f,<entity1>,Moscow,Moskau
145dee0f,<entity2>,Russia,Russland
0643bc81,<entity1>,Russia,Russland
37903305,<entity1>,Russia,Russland
4959a627,<entity1>,Yellowstone National Park,Yellowstone
4959a627,<entity2>,California,Kalifornien
59366b9c,<entity1>,Danube River,Donau
59366b9c,<entity2>,Europe,Europas
597a8955,<entity1>,Mont Blanc,Mont Blanc
597a8955,<entity2>,France,Frankreichs
763b9458,<entity1>,India,Indien
d25f8a1f,<entity1>,Australia,Australien
fcf2bb15,<entity1>,Stockholm,Stockholm
fcf2bb15,<entity2>,Denmark,Dänemark
b3852b57,<entity1>,Africa,Afrika
3c32240b,<entity1>,Canada,Kanada
4d8921dc,<entity1>,Argentina,Argentinien
30719db8,<entity1>,Guadalajara,Guadalajara
30719db8,<entity2>,Mexico,Mexiko
28f0db9b,<entity1>,Mexico,Mexiko
d829c14e,<entity1>,Lisbon,Lissabon
d829c14e,<entity2>,Atlantic,Portugal
233f1635,<entity1>,Great Lakes,Kanada
233f1635,<entity2>,Canada,USA
a88d72fd,<entity1>,Italy,Italien
a88d72fd,<entity2>,France,Frankreich
b6218360,<entity1>,Egypt,Ägypten
b6218360,<entity2>,Asia,Asien
7003789a,<entity1>,Ronald Reagan,Ronald Reagan
7003789a,<entity2>,California,Kalifornien
299a4c54,<entity1>,Democratic Party,Demokratische Partei
2dea0973,<entity1>,Republican Party,Republikanische Partei
311543cc,<entity1>,California,Kalifornien
311543cc,<entity2>,Texas,Texas
e5cbd04e,<entity1>,Texas,Texas
e5cbd04e,<entity2>,California,Kalifornien
96b3239c,<entity1>,California,Kalifornien
96b3239c,<entity2>,Texas,Texas
3dc0d585,<entity1>,Alaska,Alaska
3dc0d585,<entity2>,California,Kalifornien
67359195,<entity1>,UK,Vereinigten Königreichs
67359195,<entity2>,Margaret Thatcher,Margaret Thatcher
67359195,<entity3>,John Major,John Major
42dbe526,<entity1>,California,Kalifornien
42dbe526,<entity2>,Oregon,Oregon
167f3b99,<entity1>,United Kingdom,Vereinigte Königreich
167f3b99,<entity2>,India,Indien
98cecb98,<entity1>,de Gaulle,de Gaulle
750c7621,<entity1>,Stalin,Stalin
750c7621,<entity2>,Korean War,Koreakriegs
9b827c89,<entity1>,United States of America,Vereinigten Staaten von Amerika
a25d7cc3,<entity1>,US,Vereinigten Staaten
a25d7cc3,<entity2>,Senate,Vereinigten Staaten
8329c90a,<entity1>,US,Texas
8329c90a,<entity2>,Texas,Kalifornien
c8e9b445,<entity1>,California,Kalifornien
c8e9b445,<entity2>,Texas,Texas
08371014,<entity1>,California,Kalifornien
08371014,<entity2>,Utah,Utah
da29ede7,<entity1>,California,Kalifornien
da29ede7,<entity2>,Alabama,Alabama
be2bc75e,<entity1>,California,Kalifornien
be2bc75e,<entity2>,Kansas,Kansas
8234bd17,<entity1>,California,Kalifornien
8234bd17,<entity2>,Wyoming,Wyoming
084c31d3,<entity1>,California,Kalifornien
e10f5ad2,<entity1>,John Edwards,John Edwards
c8c47b26,<entity1>,California,Kalifornien
b4f05f4b,<entity1>,Africa,Afrikas
1719342b,<entity1>,World War II,Zweiten Weltkrieg
3e22b502,<entity1>,Vietnam,Vietnamkrieg
7b8810e8,<entity1>,California,Kalifornien
c0f734a7,<entity1>,New Hampshire,New Hempshire
d9dd772b,<entity1>,California,Kalifornien
3400aff3,<entity1>,Louisiana,Lousiana
28e9b361,<entity1>,New England,Neuenglandstaat
28e9b361,<entity2>,Al Gore,Al Gore
69edd8bd,<entity1>,American,Russland
e9ca81ed,<entity1>,United States,Vereinigten Staaten
89f5694b,<entity1>,California,Kalifornien
d3e7e19b,<entity1>,Washington,Washington
1be62165,<entity1>,California,Kalifornien
854c2de7,<entity1>,US,Pazifischen Ozean
854c2de7,<entity2>,Pacific Ocean,Vereinigten Staaten
f560ba14,<entity1>,California,Kalifornien
d1e926d9,<entity1>,California,Kalifornien
e0e86700,<entity1>,California,Kalifornien
69104f9d,<entity1>,US,Weißen Haus
0a61f88c,<entity1>,Harvard University,Harvard Universität
294fe4ad,<entity1>,Arkansas,Arkansas
f1e17a1d,<entity1>,Illinois,Illinois
b5e90c82,<entity1>,America,Vereinigten Staaten
ea410fb1,<entity1>,California,Kalifornien
751a38a1,<entity1>,United States,Vereinigten Staaten
b0d7a9b4,<entity1>,California,Kalifornien
d252cce9,<entity1>,California,Kalifornien
d2978af4,<entity1>,California,Kalifornien
9ab5d8c8,<entity1>,California,Kalifornien
201c8923,<entity1>,California,Kalifornien
6610dcad,<entity1>,California,Kalifornien
3178f503,<entity1>,Democratic Party Primaries,Demokratischen Partei
8e96b806,<entity1>,New Delhi,Neu-Delhi
8e96b806,<entity2>,India,Indien
8e96b806,<entity3>,Colorado,Colorado
ec544fe0,<entity1>,United States,Vereinigten Staaten
ad05d4e0,<entity1>,Democratic Party,Demokratischen Partei
9cce3a01,<entity1>,California,Kalifornien
9cce3a01,<entity2>,San Francisco,San Francisco
61c5130c,<entity1>,Texas,Texas
91932ef1,<entity1>,Pennsylvania,Pennsylvania
3ebdafa4,<entity1>,Florida,Florida
1e65268c,<entity1>,United States,Vereinigten Staaten
1e65268c,<entity2>,Arkansas,Arkansas
0ae11c95,<entity1>,United States,Vereinigten Staaten
3c2270ee,<entity1>,United States,Vereinigten Staaten
ae4f6b3f,<entity1>,House of Representatives,Air National Guard
f8bafd9e,<entity1>,California,Kalifornien
f8bafd9e,<entity2>,United States,USA
b65e5339,<entity1>,Wharton School,Wharton School
b65e5339,<entity2>,University of Pennsylvania,University of Pennsylvania
8a6e2d02,<entity1>,California,Kalifornien
15e9dbde,<entity1>,Howard University,Howard Universität
a9d8a2f3,<entity1>,California,Kalifornien
fa32cf79,<entity1>,War of 1812,Britisch-Amerikanischen Krieges
26e693d0,<entity1>,California,Kalifornien
2285c876,<entity1>,Iraq War,Irakkriegs
417c0a7b,<entity1>,USA,USA
417c0a7b,<entity2>,WWII,Zweite Weltkrieg
a6205111,<entity1>,United States,Vereinigten Staaten
bbde93c5,<entity1>,United Kingdom,Vereinigten Königreichs
fa6b0434,<entity1>,War of 1812,Britisch-Amerikanische Krieg
3011bb09,<entity1>,France,Frankreich
1de2971f,<entity1>,United States,USA
ff443248,<entity1>,United States,Vereinigten Staaten
84c976a7,<entity1>,Germany,Deutschland
b2d8d95b,<entity1>,U.S.,USA
b2d8d95b,<entity2>,United States,Vietnam
b2d8d95b,<entity3>,Vietnam,Vietnam-Kriegs
d6acdf00,<entity1>,United States,Weißen
a7e2cd9b,<entity1>,United States,Vereinigten Staaten
ff750c8f,<entity1>,United States,USA
6f184137,<entity1>,United States,Vereinigten Staaten
784320c7,<entity1>,Bill Clinton,Bill Clintons
784320c7,<entity2>,United States,Vereinigten Staaten
660ec6c6,<entity1>,George W Bush,Georg W Bushs
660ec6c6,<entity2>,United States,Vereinigten Staaten
35751cce,<entity1>,California,Kalifornien
99b10b77,<entity1>,American Samoa,Amerikanisch-Samoa
ab6c0edc,<entity1>,Northern Mariana Islands,Marianen
265e0425,<entity1>,France,Frankreich
a2126754,<entity1>,United States,Vereinigten Staaten
b5cdbdf2,<entity1>,United States,Vereinigten Staaten
062ad25f,<entity1>,United States,Vereinigten Staaten
043e8790,<entity1>,Canada,Kanada
cf4e926c,<entity1>,New York,New York
3f466430,<entity1>,America,Amerika
a6e1025b,<entity1>,America,Anerikas
98d600ff,<entity1>,California,Kalifornien
3d7fe2a3,<entity1>,Hispanic,USA
5e74dd9d,<entity1>,United States,Vereinigten Staaten
3df3b457,<entity1>,United States,Vereinigten Staaten
dc4767c9,<entity1>,United States,Vereinigten Staaten
1259b123,<entity1>,Germany,Deutschlands
61cf3b52,<entity1>,California,Kalifornien
7f942f20,<entity1>,Africa,Afrika
2fc874c8,<entity1>,Africa,Afrika
4fccaa7f,<entity1>,White House,Weißen Haus
6ddff3ab,<entity1>,US,USA
b2d0ed3a,<entity1>,US,USA
ac2c0ece,<entity1>,USA,USA
dc437f3d,<entity1>,USA,USA
dbd09037,<entity1>,US,Vereinigten Staaten
fafd8bb6,<entity1>,United States,Vereinigten Staaten
86c24aac,<entity1>,United States,Vereinigten Staaten
f18d4a74,<entity1>,United States,Vereinigten Staaten
706e6f3f,<entity1>,United States,Vereinigten Staaten
dfbe2e60,<entity1>,Russia,Russlands
ea93a917,<entity1>,Russia,Russland
1706ef48,<entity1>,Cuba,Kuba
cb693d61,<entity1>,USA,USA
c72a4be3,<entity1>,Mexico,Mexiko
c0cb58e7,<entity1>,Cambodia,Kambodschas
dfb0e939,<entity1>,Korea,Korea
fe02d7f4,<entity1>,Japan,Japan
f5322f52,<entity1>,Donald Trump,Donald Trum
adb50e4d,<entity1>,Russia,Russland
c841d666,<entity1>,North Korea,Nordkorea
581fec6d,<entity1>,Australia,Australien
ffd6afdc,<entity1>,United Kingdoms,Vereinigte Königreich
c11cd8a0,<entity1>,Jordan,Jordanien
c782d153,<entity1>,Germany,Deutschland
be381f7f,<entity1>,Australia,Australiens
c44f54b9,<entity1>,Berlin Wall,Berliner Mauer
e540e66d,<entity1>,Otto von Bismarck,Otto von Bismarck
e540e66d,<entity2>,Germany,Deutschland
7a4bcf90,<entity1>,Colombia,Kolumbien
fb014c4a,<entity1>,Joe Biden,Joe Biden
fb014c4a,<entity2>,United States,Vereinigten Staaten
e15b52d8,<entity1>,George W. Bush,George W. Bush
e15b52d8,<entity2>,United States,Vereinigten Staaten
1a2a8ea5,<entity1>,UK,Vereinigten Königreichs
1a2a8ea5,<entity2>,House of Commons,House of Commons
1a2a8ea5,<entity3>,House of Lords,of Lords
e1e3808a,<entity1>,Jacinda Ardern,Jacinda Ardern
e1e3808a,<entity2>,New Zealand,Neuseeland
79c4b6fc,<entity1>,Republican Party,Republikanische Partei
cf8a2aa1,<entity1>,Britain,Großbritannien
d9f032c4,<entity1>,Greece,Griechenland
6b804c06,<entity1>,Canada,Kanada
03939df1,<entity1>,California,Kalifornien
b154307b,<entity1>,Harry Truman,Harry Truman
b154307b,<entity2>,Europe,Europa
3a1c623b,<entity1>,North America,Nordamerika
3a1c623b,<entity2>,NES,NES
3a1c623b,<entity3>,Super Nintendo,Super Nintendo
ee0df82c,<entity1>,Pokémon,Pokémon Rot
ee0df82c,<entity2>,Pokémon Red,Pokémon Blau
f399f5ee,<entity1>,Pokémon,Pokemon
f399f5ee,<entity2>,Grand Theft Auto,Grand Theft Auto
e36136d4,<entity1>,Cloud Strife,Cloud Strife
e36136d4,<entity2>,Tifa Lockhart,Tifa Lockhard
c892b493,<entity1>,Risk of Rain 2,Disk of Rain 2
27c7f25d,<entity1>,Pac-Man,Pacman
293ba83e,<entity1>,Dragon Age,Dragon-Age-Reihe
da2c2303,<entity1>,Crash Bandicoot,Game Boy Advance
0bce53d1,<entity1>,Valkyria Chronicles,Valkyria-Chronicles-Reihe
9573e4ad,<entity1>,Streets of Rage,Street of Rage
9573e4ad,<entity2>,Sega Genesis,Genesis
8b42fcbf,<entity1>,Mortal Kombat,Mortal Combat
fac7abaa,<entity1>,Mario Kart,Mario-Kart-Reihe
15487cfe,<entity1>,Mario Kart,Mario
ca375f30,<entity1>,North America,Nordamerika
9c91d85a,<entity1>,Smash Bros,Smash Bros
9c91d85a,<entity2>,Princess Peach,Peach
b1c5c392,<entity1>,Elder Scrolls,Elder Scrolls
a1f06f85,<entity1>,Game Boy,Miyamoto
c7277eb3,<entity1>,Final Fantasy,Cid
e26fde4c,<entity1>,Bethesda Game Studios,Bethesta Game Studios
4ae643f7,<entity1>,Resident Evil,Resident-Evil-Trilogie
4ae643f7,<entity2>,Jill Valentine,Jill Valentine
ed7ae1bb,<entity1>,Advance Wars,Advanced Wars
ed7ae1bb,<entity2>,Game Boy Advance,GameBoy Advance
98471c7a,<entity1>,Fatal Frame,Fatal Frames
98471c7a,<entity2>,North America,Nordamerika
67a3c66d,<entity1>,Mario Kart,Mario Kart
217bb49c,<entity1>,Mario,Mario
217bb49c,<entity2>,Mario,Mario
35f81fb5,<entity1>,Fallout,Fallout
fab47713,<entity1>,Tortimer,Tortimer
83e76946,<entity1>,Chris Sawyer,Chris Sawyer
6b228d3e,<entity1>,US,USA
9be93a95,<entity1>,Crash Bandicoot,Naughty Dog
e9622fb6,<entity1>,Dragon Ball Z,Dragonball Z
e9622fb6,<entity2>,Dragonball Z: Sagas,Dragonball Z Saga
e9622fb6,<entity3>,Goku,Goku
596197e0,<entity1>,Assassin's Creed,Assassins Creed-Reihe
ad350cf5,<entity1>,Assassin's Creed,Assassins Creed-Reihe
ad350cf5,<entity2>,Peloponnesian War,Peloponnesischen Krieges
6668e467,<entity1>,Assassin's Creed,Assassins Creed
6668e467,<entity2>,Ancient Egypt,Ägyptens
747d605d,<entity1>,Madden NFL,Madden NFL
747d605d,<entity2>,Chris Collinsworth,Chris Collinsworth
2837fbf3,<entity1>,Super Mario Bros,Super Mario Bros
2837fbf3,<entity2>,North America,Nordamerika
7f54d699,<entity1>,Resident Evil,Resident Evil
7f54d699,<entity2>,Raccoon City,Racoon City
5018f654,<entity1>,Battlefield,Battlefield
5018f654,<entity2>,World War I,Ersten Weltkrieges
8e0749da,<entity1>,The Legend of Zelda,The Lengend of Zelda
0b068bb2,<entity1>,Zelda,Gameboy Color
9d5a01cd,<entity1>,Uncharted,Uncharted-Reihe
9d5a01cd,<entity2>,Madagascar,Madagaskar
f2c2c3dc,<entity1>,Fallout,Fallout
ee5c034b,<entity1>,Brazilian,Tekken 3
791a7055,<entity1>,Assassin's Creed,Assassin's Creed
791a7055,<entity2>,PlayStation 5,PlayStation 5
791a7055,<entity3>,Europe,Europa
7fa69f42,<entity1>,North American,Nordamerika
7fa69f42,<entity2>,Splatoon,Splatoon
b3799ee6,<entity1>,Super Mario Bros,Super Mario Bros
10b5dba1,<entity1>,US,USA
9b591c4b,<entity1>,Super Smash Bros,Super Smash Bros
9b591c4b,<entity2>,Ganondorf,Ganondorf
d40cf5de,<entity1>,Spider-Man,Spider Man
d40cf5de,<entity2>,PS5,PS5
c8a8b965,<entity1>,Smash Bros,Smash Bros
c8a8b965,<entity2>,Princess Peach,Prinzessin
c2d40db0,<entity1>,Castlevania,Castlevania
c2d40db0,<entity2>,Game Boy Advance,Gameboy Advance
e56efd46,<entity1>,Pokedex,Pokedex
563e735c,<entity1>,Pokedex,Pokedex
a2dcfa7e,<entity1>,Pokedex,Pokedex
3f227ccc,<entity1>,Pokedex,Pokedex
9fb5eede,<entity1>,The Sims 4,Sims 4
2623e515,<entity1>,M. Bison,M. Bison
f5f9e161,<entity1>,Pokedex,Pokedex
a4b0110f,<entity1>,Pokedex,Pokedex
16034331,<entity1>,Final Fantasy,Final-Fantasy-Reihe
0c68e8d6,<entity1>,Super Smash Bros,Super Smash Bros
f9840fc8,<entity1>,Link,Link
b86c7092,<entity1>,Mario,Mario
cb8a171c,<entity1>,Geralt of Rivia,Geralt von Rivia
d892a105,<entity1>,Pacman,Pacman
d892a105,<entity2>,Ms,Pacman
6312223f,<entity1>,Pac-Man,Pacman
6312223f,<entity2>,Clyde,Clyde
11056421,<entity1>,Activision,Activison
805eba17,<entity1>,Activision,Activison
805eba17,<entity2>,Call of Duty,Call of Duty
51933b24,<entity1>,Zelda,Zelda
51933b24,<entity2>,The Legend of Zelda: A Link to the Past,The Legend of Zelda:
e50aa20f,<entity1>,Call of Duty,Call of Duty
e50aa20f,<entity2>,WW I,ersten Weltkrieg
97815f44,<entity1>,Princess Peach,Prinzessin
97815f44,<entity2>,Mario,Mario-Franchise
acaa460a,<entity1>,Jagex,Jagex
1f592914,<entity1>,Cyberpunk 2077,Cyperpunk 2077
1f592914,<entity2>,Nintendo Switch,Nintendo Switch
0d9b5596,<entity1>,Dr Wiley,Wily
0d9b5596,<entity2>,Megaman,Megaman-Serie
7f85b964,<entity1>,Sonic,Sonics
7f85b964,<entity2>,Tails,Tails
7f85b964,<entity3>,Yasushi Yamaguchi,Yasushi Yamaguchi
6186170e,<entity1>,Neo Cortex,Neo Cortex
6186170e,<entity2>,Crash Bandicoot,Crash Bandicoot
283f60e6,<entity1>,US Civil War,Hundertjährige Krieg
283f60e6,<entity2>,Hundred Years War,Amerikanische Bürgerkrieg
31013893,<entity1>,Louis XIV,Ludwig XIV
31013893,<entity2>,Franz Joseph I,Franz Joseph I.
08a14756,<entity1>,Ethiopian Empire,Khmer
08a14756,<entity2>,Khmer Empire,Kaiserreich Abessinien
82a89c4b,<entity1>,Canada,Kanada
82a89c4b,<entity2>,Great Britain,Großbritannien
80a12e93,<entity1>,England,England
80a12e93,<entity2>,Sweden,Schweden
5db3a0e1,<entity1>,Korean War,Koreakrieg
5db3a0e1,<entity2>,Vietnam War,Vietnamkrieg
c514160b,<entity1>,George VI,Georg VI
c514160b,<entity2>,Elizabeth II,Elizabeth II
23727ddc,<entity1>,United States,Vereinigten Staaten
23727ddc,<entity2>,John Adams,John Adams
23727ddc,<entity3>,John Quincy Adams,John Quincy Adams
9078fd23,<entity1>,America,Pearl Harbor
9078fd23,<entity2>,World War II,Zweiten Weltkrieg
9078fd23,<entity3>,Japanese,Japans
9078fd23,<entity4>,Pearl Harbor,USA
1f92031b,<entity1>,Elizabeth I,Elisabeth I
1f92031b,<entity2>,Victoria,Victoria
f3351d96,<entity1>,Hadrian,Hadrianswall
23dfc66d,<entity1>,Henry VIII,Heinrich VIII
23dfc66d,<entity2>,Elizabeth I,Elisabeth I.
34a084d5,<entity1>,Iraq,Irakkrieg
34a084d5,<entity2>,Vietnam,Vietnamkrieg
5163b8c4,<entity1>,King,Georg II
5163b8c4,<entity2>,George II,Georg I.
21a38edb,<entity1>,Vietnam War,Vietnamkrieg
4b03f3aa,<entity1>,Henry VII,Heinrich VII
4b03f3aa,<entity2>,Henry VIII,Heinrich VIII.
18886d0f,<entity1>,Louis XIV,Ludwig XIV
18886d0f,<entity2>,Louis XV,Ludwig XV.
57091ac3,<entity1>,Cleopatra,Kleopatra
57091ac3,<entity2>,King Tut,Tutanchamun
21b388a4,<entity1>,Ottoman Empire,Osmanische Reich
21b388a4,<entity2>,British Empire,Britische Weltreich
36406773,<entity1>,Civil War,Zweite Weltkrieg
1619e4d6,<entity1>,Great Wall of China,Chinesische Mauer
30045ad3,<entity1>,The Colosseum,Kolosseum
30045ad3,<entity2>,Parthenon,Parthenon
b6a9be98,<entity1>,Empire State Building,State Buiding
b6a9be98,<entity2>,Chrysler Building,Chrysler Building
0c3d3404,<entity1>,Peter the Great,Peter der Große
0c3d3404,<entity2>,Nicholas I,Nikolaus I.
0ca64a17,<entity1>,Korean War,Koreakrieg
0ca64a17,<entity2>,Vietnam War,Vietnamkrieg
7b0b7062,<entity1>,Boer War,Krimkrieg
956cae16,<entity1>,American Civil War,Amerikanischen Bürgerkriegs
956cae16,<entity2>,Battle of Gettysburg,Gettysburg
956cae16,<entity3>,Battle of Nashville,Nashville
d20b57cc,<entity1>,Summer Olympics,Olympischen Sommerspielen
d20b57cc,<entity2>,Italy,Italien
d20b57cc,<entity3>,Romania,Rumänien
ad209e42,<entity1>,King Tut,Tutanchamun
ad209e42,<entity2>,Alexander the Great,Alexander der Große
a89e31d4,<entity1>,Nefertiti,Nofretetes
fa1cf08b,<entity1>,Henry VIII,Heinrich VIII
fa1cf08b,<entity2>,Henry VII,Heinrich VII.
49b7261b,<entity1>,Henry VIII,Heinrich VIII
49b7261b,<entity2>,Edward VI,Eduard VI
49b7261b,<entity3>,Henry,Henry
49b7261b,<entity4>,Cornwall,Cornwall
344d5b5d,<entity1>,US Civil War,Zweite Weltkrieg
45bf9bec,<entity1>,Elizabeth II,Elisabeth II
45bf9bec,<entity2>,Victoria,Victoria
25a4e4b5,<entity1>,War of 1812,Britisch-Amerikanische Krieg
25a4e4b5,<entity2>,World War II,Zweite Weltkrieg
e80c2633,<entity1>,Mayans,Mayas
a7fb5e3d,<entity1>,Incas,Inka
4d5ee4cc,<entity1>,Aztecs,Inka
a26f7f2a,<entity1>,Edward V,Eduard V. von England
a26f7f2a,<entity2>,England,von England
a26f7f2a,<entity3>,Richard III,Richard III
ca6bc39a,<entity1>,Vietnam War,Vietnamkrieg
ca6bc39a,<entity2>,Korean War,Koreakrieg
43c8fa81,<entity1>,United States,USA
43c8fa81,<entity2>,India,Indien
c4bcd1ba,<entity1>,French,Frankreichs
c4bcd1ba,<entity2>,Francois Mitterand,François Mitterand
c4bcd1ba,<entity3>,Jacques Chirac,Jacques Chirac
50d81e61,<entity1>,Russia,Russland
50d81e61,<entity2>,Alexander II,Alexander II
50d81e61,<entity3>,Alexander III,Alexander III.
a11d122c,<entity1>,UK,Vereinigte Königreich
a11d122c,<entity2>,Elizabeth I,Elisabeth I.
a11d122c,<entity3>,Elizabeth II,Elisabeth II.
cc3037c7,<entity1>,World War I,Zweite Weltkrieg
f8fa3e88,<entity1>,England,England
f8fa3e88,<entity2>,Zanzibar,Sansibar
54330901,<entity1>,Greece,Griechenland
54330901,<entity2>,Sparta,Sparta
54330901,<entity3>,Athens,Athen
21dd5aec,<entity1>,French Revolution,Französische Revolution
21dd5aec,<entity2>,Industrial Revolution,Industrielle Revolution
494fd927,<entity1>,Vietnam War,Vietnamkrieg
494fd927,<entity2>,Korean War,Koreakrieg
e4de6ff3,<entity1>,Persian,Persische
e4de6ff3,<entity2>,Russian Empire,Russische
09565b41,<entity1>,Ottoman Empire,Osmanische Reich
2f138377,<entity1>,British Empire,Britische Weltreich
2f138377,<entity2>,Mongol Empire,Mongolische Reich
c8862454,<entity1>,Vietnam,Vietnamkrieg
2b3c4ae3,<entity1>,World War II,Zweite Weltkrieg
2b3c4ae3,<entity2>,American Civil War,Amerikanische Bürgerkrieg
c1ce20d1,<entity1>,Victoria,Victoria
c1ce20d1,<entity2>,Elizabeth II,Elisabeth II.
d027426b,<entity1>,Battle of Dranesville,Dranesville
d027426b,<entity2>,Battle of Gettysburg,Gettysburg
f2cf7cec,<entity1>,World War II,Zweiten Weltkriegs
f2cf7cec,<entity2>,Battle of the Atlantic,Atlantikschlacht
f2cf7cec,<entity3>,Battle of Kursk,Kursk
7fb277c4,<entity1>,English,Elisabeth I.
7fb277c4,<entity2>,Queen Victoria,Victoria
19e2d8c3,<entity1>,US,USA
19e2d8c3,<entity2>,War in Afghanistan,Afghanistan
19e2d8c3,<entity3>,Vietnam War,Vietnamkrieg
4ee283ba,<entity1>,Persian Gulf War,Zweite Golfkrieg
7a66f9da,<entity1>,Narmer,Narmer
7a66f9da,<entity2>,Horus Bird,Vogel
21d85ecd,<entity1>,United States,USA
21d85ecd,<entity2>,Russia,Russland
2f77463e,<entity1>,Peter the Great,Peter der Große
2f77463e,<entity2>,Catherine the Great,Katharina die Große
11f2db66,<entity1>,Henry VIII,Heinrich VII
11f2db66,<entity2>,Richard III,Richard III
1a25b196,<entity1>,British,Britannien
1a25b196,<entity2>,Victoria,Victoria
1a25b196,<entity3>,George III,George III
1a25b196,<entity4>,U.K.,Vereinigte Königreich
ba5ce04d,<entity1>,European,England
ba5ce04d,<entity2>,San Marino,San Marino
a46e3342,<entity1>,British,Georg III
a46e3342,<entity2>,George III,Elisabeth II
8ae65529,<entity1>,Axis Power,Pearl Harbor
8ae65529,<entity2>,U.S.,USA
8ae65529,<entity3>,Japan,Japan
8ae65529,<entity4>,Germany,Deutschland
79395e64,<entity1>,Axis Power,Italien
79395e64,<entity2>,Italy,Japan
a5c83963,<entity1>,France,Frankreich
a5c83963,<entity2>,Britain,Großbritannien
a5c83963,<entity3>,North America,Nordamerika
2867668f,<entity1>,United States,Vereinigten Staaten
2867668f,<entity2>,Abraham Lincoln,Abraham Lincoln
2867668f,<entity3>,George Washington,George Washington
4ddb6ba0,<entity1>,Korean War,Koreakrieg
4ddb6ba0,<entity2>,WW II,Zweite Weltkrieg
c7484b03,<entity1>,Ming,Ming Dynastie
c7484b03,<entity2>,Song,Song Dynastie
7baab5d2,<entity1>,Roman Empire,Frankreich
7baab5d2,<entity2>,France,England
7baab5d2,<entity3>,England,Römischen Reich
00a5d728,<entity1>,India,Indien
00a5d728,<entity2>,United Kingdom,Vereinigte Königreich
00a5d728,<entity3>,France,Frankreich
0465ea62,<entity1>,Korean War,Koreakrieg
0465ea62,<entity2>,Spanish American War,Spanisch-Amerikanische Krieg
657d131a,<entity1>,World War I,Erste Weltkrieg
18d7dd81,<entity1>,Second Seminole War,Zweite Seminolenkrieg
18d7dd81,<entity2>,World War II,Zweite Weltkrieg
76027ffa,<entity1>,Iraq War,Irakkrieg
76027ffa,<entity2>,Korean War,Koreakrieg
e5846c2c,<entity1>,Chinese,Ming Dynastie
e5846c2c,<entity2>,Ming Dynasty,Song Dynastie
dc511c98,<entity1>,Mexico,Mexiko
dc511c98,<entity2>,Ecuador,Ecuador
6644cf7b,<entity1>,Napoleon Bonaparte,Napoleon Bonaparte
6644cf7b,<entity2>,Elizabeth II,Elisabeth II
a7aadef7,<entity1>,US,USA
a7aadef7,<entity2>,Germany,Deutschland
65339a8a,<entity1>,Rameses III,Ramses III
65339a8a,<entity2>,Cleopatra,Kleopatra
4cef67db,<entity1>,Genghis Khan,Dschingis Khan
4cef67db,<entity2>,Kublai Khan,Kublai Khan
840c9eef,<entity1>,American,Vietnamkrieg
840c9eef,<entity2>,Iraq,Irak
66601aed,<entity1>,Korea,Koreakrieg
66601aed,<entity2>,WW II,Weltkrieg
deaf829e,<entity1>,World War II,Zweite Weltkrieg
f2107aca,<entity1>,Alexander the Great,Alexander der Große
f2107aca,<entity2>,Julius Ceasar,Julius Ceasar
56fa4ecd,<entity1>,Alexander the Great,Alexander der Große
56fa4ecd,<entity2>,Philip II,Philipp II
56fa4ecd,<entity3>,Macedon,von Makedonien
512423c9,<entity1>,Alexander the Great,Alexander der Große
512423c9,<entity2>,Philip II,Philipp II
512423c9,<entity3>,Macedon,von Makedonien
e3ac35a1,<entity1>,Alexander the Great,Alexander der Große
e3ac35a1,<entity2>,Julius Ceasar,Julius Ceasar
6d871fd6,<entity1>,Battle of Bunker Hill,Bunker Hill
6d871fd6,<entity2>,Battle of Long Island,Long Island
d5152938,<entity1>,Russia,Russland
d5152938,<entity2>,Ivan IV,Iwan IV
d5152938,<entity3>,Ivan VI,Iwan VI
1f1f5b58,<entity1>,American,Erste Weltkrieg
1670507e,<entity1>,World War II,Zweiten Weltkrieg
1670507e,<entity2>,Germany,Deutschland
1670507e,<entity3>,Soviet Union,Sowjetunion
52f029e8,<entity1>,United,Vereinigten Staaten
f4067567,<entity1>,San Marino,San Marino
f4067567,<entity2>,Luxembourg,Luxemburg
856bb298,<entity1>,Korean War,Koreakrieg
856bb298,<entity2>,Vietnam War,Vietnamkrieg
3a119d11,<entity1>,United States,Vereinigten Staaten
3a119d11,<entity2>,Soviet Union,Sowjetunion
dd65aeac,<entity1>,World War II,Zweiten Weltkrieg
dd65aeac,<entity2>,China,China
dd65aeac,<entity3>,Germany,Deutschland
7b968467,<entity1>,George I,George I.
7b968467,<entity2>,Henry VIII,Heinrich VIII.
f91b20e7,<entity1>,Korean War,Koreakrieg
f91b20e7,<entity2>,Vietnam War,Vietnamkrieg
fba83ea0,<entity1>,World War II,2. Weltkrieg
fba83ea0,<entity2>,Vietnam War,Vietnamkrieg
1aeeb334,<entity1>,World War II,Weltkrieg
3e6591ec,<entity1>,Vietnam War,Vietnamkrieg
d6256589,<entity1>,Abbasid Caliphate,Abbasidenkalifat
d6256589,<entity2>,Mongol Empire,Mongolenreich
2c904db9,<entity1>,Japan,Japan
2c904db9,<entity2>,Korea,Korea
2c904db9,<entity3>,Gojong,Gojong
9e81abb9,<entity1>,United States,Vereinigten Staaten
9e81abb9,<entity2>,Bill Clinton,Bill Clinton
9e81abb9,<entity3>,Franklin D. Roosevelt,Franklin D. Roosevelt
fe2a5bf2,<entity1>,World War II,Zweite Weltkrieg
fe2a5bf2,<entity2>,Afghanistan,Afghanistan
fe2a5bf2,<entity3>,United States,Vereinigten Staaten
fe2a5bf2,<entity4>,Taliban,Taliban
c51668a2,<entity1>,World War I,Erste Weltkrieg
c51668a2,<entity2>,American Civil War,Amerikanische Bürgerkrieg
8be1ab7c,<entity1>,World War I,Zweiten Weltkrieg
8be1ab7c,<entity2>,World War II,Ersten
ccf98707,<entity1>,Vietnam War,Vietnamkrieg
ccf98707,<entity2>,World War I,Erste Weltkrieg
e5462786,<entity1>,Vietnam,Vietnam
e5462786,<entity2>,Iraq,Irak
e2599653,<entity1>,Anne,Anne
e2599653,<entity2>,George I,Georg I.
504146ae,<entity1>,George I,Georg I.
504146ae,<entity2>,George II,Georg II
c8a466ce,<entity1>,Christopher Columbus,Christoph Kolumbus
098fa6a9,<entity1>,Egypt,Ägypten
82cd9ebe,<entity1>,Henry the VIII,Heinrich VIII.
aeb34e5c,<entity1>,Allies,Allianz der Alliierten
aeb34e5c,<entity2>,WW II,Zweiten Weltkrieg
e5f24516,<entity1>,Ramesses II,Ramses II
f0d611e1,<entity1>,Hundred Years War,Hundertjährige Krieg
11e6e2cc,<entity1>,Canada,Kanada
86a09bc5,<entity1>,Jacob,Jakob
a820614c,<entity1>,Allies,Ersten Weltkrieg
be29f342,<entity1>,Alexander the Great,Alexander der Große
a0eb7aba,<entity1>,North Vietnam,Nordvietnam
a0eb7aba,<entity2>,Vietnam War,Vietnamkrieg
27c444ef,<entity1>,Allies,Zweiten Weltkriegs
17edc88c,<entity1>,Yalta Conference,Jalta
2b34c25e,<entity1>,Apollo,Apollo
dcd492f6,<entity1>,Romanov,Russischen Revolution
dcd492f6,<entity2>,Nicholas II,Nikolaus II
ece19f80,<entity1>,Rome,Rom
ece19f80,<entity2>,Carthage,Karthago
e431b7c8,<entity1>,Second Continental Congress,Kontinentalkongresses
e431b7c8,<entity2>,United States Declaration of Independence,Vereinigten Staaten
76551b49,<entity1>,China,China
76551b49,<entity2>,Han Dynasty,Han-Dynastie
37fb70b6,<entity1>,Confederate States of America,Konföderierten Staaten von Amerika
3a491f8a,<entity1>,Henry I,Heinrich I.
8d2aedcf,<entity1>,Henry IV,Heinrich IV
870bce2d,<entity1>,Louis XIV,Ludwig XIV
27380de2,<entity1>,George I,Georg I.
b57f823c,<entity1>,Europe,Europa
17ef2ec9,<entity1>,Great Britain,Großbritannien
e6dfac2d,<entity1>,United States,Vereinigten Staaten
0f8e2686,<entity1>,North Korea,Nordkorea
92e33bfd,<entity1>,Warsaw Pact,Warschauer Pakt
af729813,<entity1>,Mark Antony,Marcus Antonius
75a12572,<entity1>,WW I,Ersten Weltkrieg
8e5d9a5e,<entity1>,Germany,Deutschland
8e5d9a5e,<entity2>,WW II,Zweiten Weltkrieg
daf184a7,<entity1>,Victoria,Victoria
3f6a07a5,<entity1>,Elizabeth II,Elisabeth II
58169c3f,<entity1>,South Korea,Südkorea
f856e02d,<entity1>,South Korea,Südkorea
c93ecf51,<entity1>,The Hundred Years War,Hundertjährigen Krieg
67026d38,<entity1>,Confederate States of America,Amerika
60b9ad3e,<entity1>,North Korea,Nordkorea
ff3b76df,<entity1>,Olympic Games,Olympischen Spielen
ff3b76df,<entity2>,Athens,Athen
7a7b1ff8,<entity1>,Kingdom of England,England
7a7b1ff8,<entity2>,Kingdom of Scotland,Schottland
b510c676,<entity1>,Iraq War,Irakkrieg
4754c272,<entity1>,Napoleonic Wars,Napoleonischen Kriege
4a0150f4,<entity1>,Nobel Prize,Nobelpreis
14bf8620,<entity1>,Abel Prize,Abelpreis
8c0193b5,<entity1>,World War II,Zweiten Weltkrieg
69142aa6,<entity1>,Columbus,Kolumbus'
69142aa6,<entity2>,Americas,Amerika
cb302d77,<entity1>,WW I,Ersten Weltkrieg
93ee29b0,<entity1>,Kashta,Pharao Kaschta
8c1d04c1,<entity1>,United States,Vereinigten Staaten
5ecc32bd,<entity1>,Augustus,Augustus
5ecc32bd,<entity2>,Rome,Rom
5bb78caa,<entity1>,European Union,Europäischen Union
0bf66022,<entity1>,United States,Zweiten Weltkrieg
61e19638,<entity1>,Entente Powers,Ersten Weltkrieg
8127523b,<entity1>,World War II,Zweiten Weltkrieg
7b615f26,<entity1>,Louis XVI,Ludwig XVI von Frankreich
35b3211e,<entity1>,United Stated,Zweiten Weltkrieg
35b3211e,<entity2>,Japan,Japans
826184ea,<entity1>,United Nations,Vereinten Nationen
826184ea,<entity2>,Europe,Europa
013b919b,<entity1>,King,Tutanchamun
081a781a,<entity1>,Marcus Junius Brutus,Marcus Iunius Brutus
607583c0,<entity1>,Confederate States of America,Konföderierten Staaten von Amerika
520d285d,<entity1>,The Big Three,Big Three
520d285d,<entity2>,WW II,Zweiten Weltkrieg
374b7675,<entity1>,Genghis Khan,Dschingis Khan
1ac597bc,<entity1>,Charlemagne,Karl der Große
09612263,<entity1>,Rameses II,Ramses II.
835d5f8e,<entity1>,Rome,Roms
4f9c1eef,<entity1>,Japanese,Zweiten Weltkrieg
41df65d9,<entity1>,North Korea,Nordkorea
3780a9c0,<entity1>,Vietnam War,Vietnamkrieg
98d4c3c3,<entity1>,Henry VIII,Heinrich VIII
0d49274c,<entity1>,English,England
0d49274c,<entity2>,French,Frankreich
c178419d,<entity1>,Edward III,Eduard III
c178419d,<entity2>,England,von England
18a4567d,<entity1>,Antarctica,Antartika
18a4567d,<entity2>,Olympics,Olympischen Spiele
8b981b27,<entity1>,Prince Charles',Prince Charles
8b981b27,<entity2>,UK,Vereinigten Königreich
8055b92d,<entity1>,Henry VIII,Heinrich VIII
d7134efa,<entity1>,Henry VIII,Heinrich VIII.
8400c4db,<entity1>,Nazi Germany,Nazi-Deutschland
8400c4db,<entity2>,World War II,Zweiten Weltkrieg
2d0c7738,<entity1>,WW II,Zweiten Weltkrieg
31339a3c,<entity1>,Egypt,Ägypten
31339a3c,<entity2>,Cleopatra,Kleopatra
eebe2ebb,<entity1>,Henry VIII,Heinrichs VIII
1214acd4,<entity1>,Himalayan,Himalaya
45d8bda1,<entity1>,Henry VIII,Heinrich VIII
c5992cf3,<entity1>,European,Europas
c119423a,<entity1>,Columbus,Kolumbus'
c119423a,<entity2>,Spain,Spanien
76f8bf6d,<entity1>,John Adams,John Adams
76f8bf6d,<entity2>,United States of America,Vereinigten Staaten von Amerika
c4461fb3,<entity1>,Mongol Empire,Mongolischen Reichs
c4461fb3,<entity2>,Japan,Japan
6fc1dd16,<entity1>,Egypt,Ägypten
6fc1dd16,<entity2>,Cleopatra,Kleopatra
9905840a,<entity1>,Rome,Rom
9905840a,<entity2>,Nero,Nero
d3f99b6f,<entity1>,Asia,Asien
59d86e55,<entity1>,French,Frankreichs
59d86e55,<entity2>,Mexico,Mexiko
8e7e888a,<entity1>,Italian,Äthiopien
4772c4fd,<entity1>,World War II,Zweiten Weltkriegs
1356462f,<entity1>,Lewis and,Lewis-und-Clarke-Expedition
7f12e0eb,<entity1>,WW II,Zweiten Weltkrieg
7c4cbc13,<entity1>,Eastern European,Zweiten Weltkrieg
7c4cbc13,<entity2>,Germany,Deutschland
44f763f9,<entity1>,Alexander the Great,Alexander dem Großen
553a750b,<entity1>,Russia,Russland
7f8f78f9,<entity1>,Russia,Russland
02ba6011,<entity1>,India,Indien
d647ddf3,<entity1>,Russia,Russland
6eca6bf6,<entity1>,USA,USA
d038115b,<entity1>,Donald Trump,Donald Trumps
d038115b,<entity2>,Europe,Europa
9a23739d,<entity1>,Henry VIII,Heinrich VIII
a63c324e,<entity1>,Russia,Russland
b1593cf7,<entity1>,Soviet Union,Sowjetunion
5c475704,<entity1>,Battle for Gettysburg,Schlacht von Gettysburg
5138b868,<entity1>,Battle of Midway,Midway
4fb08514,<entity1>,Russia,Russland
e5f1af89,<entity1>,White House,Weißen
7bc007c1,<entity1>,Carthaginian,Karthagos
7bc007c1,<entity2>,Italy,Italien
7bc007c1,<entity3>,BC,Chr
8f12bd98,<entity1>,African,Afrikas
20119e1f,<entity1>,United Nations,Vereinten Nationen
dee7a7e4,<entity1>,Scandinavian,Zweiten Weltkrieg
fe94bf82,<entity1>,United States,Vereinigten Staaten
750fb2a3,<entity1>,United States,USA
95259970,<entity1>,United States,USA
d3e99f63,<entity1>,Europe,Europa
d3e99f63,<entity2>,EU,EU
4f6848a7,<entity1>,UK,Vereinigten Königreich
6b340e6e,<entity1>,House of Hanover,Hannover
b0f7ca37,<entity1>,German Empire,Deutschen Kaiserreichs
a4369c37,<entity1>,UK,Vereinigten Königreichs
a4369c37,<entity2>,second World War,Zweiten Weltkriegs
a4369c37,<entity3>,Noble Prize,Nobelpreis
4c5cf00e,<entity1>,United Kingdom,Vereinigten Königreichs
4c5cf00e,<entity2>,India,Empress of India
d1fe3100,<entity1>,United States,USA
d1fe3100,<entity2>,Winter Olympic,Olympischen Winterspiele
b4333d99,<entity1>,Frederick II,Friedrich II
b4333d99,<entity2>,Frederick,Friedrich
3844b98e,<entity1>,Spain,Spanien
3844b98e,<entity2>,Ferdinand,Ferdinand
c60f619b,<entity1>,Henry VIII,Heinrich VIII
c60f619b,<entity2>,Philip II,Philipp II
c60f619b,<entity3>,Spain,von Spanien
bd22b953,<entity1>,Sicily,Sizilien
bd22b953,<entity2>,France,Frankreich
bd22b953,<entity3>,England,England
7aa25fe3,<entity1>,World War II,Zweiten Weltkriegs
5416c384,<entity1>,Latin America,Lateinamerika
bd34f885,<entity1>,Axis Powers,Hitler
f64b9cb3,<entity1>,European,Zweiten Weltkrieg
075c6de0,<entity1>,French,Frankreichs
b4f33ad0,<entity1>,Axis,Frankreich
2955c588,<entity1>,Japan,Japan
5134adc9,<entity1>,Germany,Deutschland
bd58b696,<entity1>,WW I,Ersten Weltkrieg
bd58b696,<entity2>,Imperial Germany,Deutschland
93736bd2,<entity1>,WW II,Zweiten Weltkrieg
93736bd2,<entity2>,Europe,Europa
93736bd2,<entity3>,United States,Vereinigten Staaten
d73f7806,<entity1>,Henry VIII,Heinrich VIII
d73f7806,<entity2>,Isabella I,Isabella I.
db74d238,<entity1>,Henry VIII,Heinrich VIII
db74d238,<entity2>,John III,Johann von Jülich-Kleve-Berg
4bfdbde2,<entity1>,Soviet Union,Sowjetunion
fb02afd3,<entity1>,Great Britain,Großbritannien
67d58d44,<entity1>,Scandinavia,Skandinavien
dd921db7,<entity1>,Nazi Germany,Nazi-Deutschland
dd921db7,<entity2>,Louis XVI,Ludwig XVI
dfbcbc06,<entity1>,Alexander the Great,Alexander dem Großen
dfbcbc06,<entity2>,BC,Chr
5331625d,<entity1>,Allied Powers,Pearl Harbor
5331625d,<entity2>,WW II,Zweiten Weltkrieg
575f43d0,<entity1>,WW II,Zweiten Weltkrieg
98943ad4,<entity1>,Edward I,Edward I. von England
98943ad4,<entity2>,Philip III,Philipp III
98943ad4,<entity3>,France,von Frankreich
663eae85,<entity1>,United States,Vereinigten Staaten
663eae85,<entity2>,Czechoslovakia,Tschechoslowakei
663eae85,<entity3>,Ghana,Ghana
b5b34b11,<entity1>,Henry VIII,Heinrich VIII
b5b34b11,<entity2>,Mary I,Maria I.
0858b416,<entity1>,Japanese,Zweiten Weltkrieg
b286538e,<entity1>,German Dutch,Holocausts
29d430fe,<entity1>,French Empire,Korsika
661a6cf0,<entity1>,France,Frankreich
661a6cf0,<entity2>,Austria,Österreich
13677ece,<entity1>,Germany,Ungarn
13677ece,<entity2>,Austro-Hungarian Empire,Österreich
9d7556e6,<entity1>,Thutmose IV,Thutmose IV
c21432bf,<entity1>,second World War,Zweiten Weltkrieg
c21432bf,<entity2>,Japan,Japan
dc4fa623,<entity1>,Alexander the Great,Alexander dem Großen
863de56e,<entity1>,United States,Vereinigten Staaten
c27755e6,<entity1>,United States,Vereinigten Staaten
0658ffc6,<entity1>,Corsica,Korsika
0658ffc6,<entity2>,France,Frankreichs
f9ace1fb,<entity1>,World War II,Zweiten Weltkriegs
f9ace1fb,<entity2>,Austria,Österreich
08adb70f,<entity1>,World War II,Zweiten Weltkriegs
08adb70f,<entity2>,United States,USA
b206f6da,<entity1>,Spain,Spanien
b206f6da,<entity2>,United States,USA
c3066160,<entity1>,Battle of Princeton,Princton
c3066160,<entity2>,Yorktown,Yorktown
c3066160,<entity3>,American Revolution,Amerikanischen Revolution
12585285,<entity1>,Elba,Elba
12585285,<entity2>,St Helena,St. Helena
c879ff6a,<entity1>,Prince,Charles
d474ca5b,<entity1>,New World of the Americas,Amerikas
d474ca5b,<entity2>,Santa Maria,Santa Maria
7febc244,<entity1>,Marcus Livius Drusus Claudianus,Marcus Livius Drusus Claudianus
7febc244,<entity2>,Tiberius Claudius Nero,Tiberius Claudius Nero
9cf4b2ae,<entity1>,VF-51,VF-51
9cf4b2ae,<entity2>,Korean,Koreakrieg
6f23012a,<entity1>,America,Amerikas
284deba9,<entity1>,America,Amerika
284deba9,<entity2>,White House,Weißen Hauses
d2362aad,<entity1>,Spain,Spanien
d2362aad,<entity2>,Ferdinand V,Ferdinand V.
d2362aad,<entity3>,Joanna,Joanna
aed582fa,<entity1>,United States,Vereinigten Staaten
3b05f1bd,<entity1>,Africa,Afrika
3b05f1bd,<entity2>,WW II,Zweiten Weltkrieg
00ba1049,<entity1>,World War II,Zweiten Weltkriegs
00ba1049,<entity2>,United States,USA
10df894b,<entity1>,Axis Power,Asien
10df894b,<entity2>,WW II,Zweiten Weltkrieg
2e12b6be,<entity1>,Jesus Christ,Christi
2e12b6be,<entity2>,Mediterranean Sea,Mittelmeer
6b0d432e,<entity1>,D-Day,D-Day
c2df84d6,<entity1>,Battle of Stalingrad,Stalingrad
734680c4,<entity1>,Battle of Okinawa,Okinawa
9b111a36,<entity1>,Victoria,Victoria
9b111a36,<entity2>,Alexandra,Alexandra von Dänemark
7afbc919,<entity1>,William the Conqueror,Wilhelm dem Eroberer
7afbc919,<entity2>,Windsor,Windsor
7afbc919,<entity3>,England,England
307e60aa,<entity1>,Russia,Russland
307e60aa,<entity2>,Anastasia Romanov,Anastasia Romanov
e8a719cd,<entity1>,Henry V,Heinrich V
e8a719cd,<entity2>,Charles VI,Karl VI
d8c29c07,<entity1>,Charles VI,Karl VI
d8c29c07,<entity2>,Stephen III,Stephan III
30fda62e,<entity1>,Stephen III,Stephan III
30fda62e,<entity2>,Bernabò Visconti,Bernabò Visconti
92769535,<entity1>,North America,Nordamerika
6a7b71a9,<entity1>,England,England
ad694863,<entity1>,The Great Depression,Ersten Weltkriegs
b0d0e43f,<entity1>,United States,Vereinigten Staaten
753cc1e1,<entity1>,World War II,Zweiten Weltkrieg
5624cf03,<entity1>,Franks,Franken
c9195ecb,<entity1>,Italy,Italien
c9195ecb,<entity2>,World War II,Zweiten Weltkriegs
c9195ecb,<entity3>,Adolf Hitler,Adolf Hitler
dc78316c,<entity1>,Great Britain,Großbritanniens
dc78316c,<entity2>,Falklands War,Falklandkriegs
dc78316c,<entity3>,American,Ronald Reagan
b3f6d899,<entity1>,Berlin Airlift,Berliner Luftbrücke
b3f6d899,<entity2>,Franklin D. Roosevelt,Franklin D. Roosevelt
80cfed07,<entity1>,Macedon,Makedonien
80cfed07,<entity2>,Asia,Asiens
80cfed07,<entity3>,North Africa,Nordafrikas
80cfed07,<entity4>,Cleopatra,Kleopatra von Makedonien
32be4b89,<entity1>,German,Eva Braun
32be4b89,<entity2>,World War II,Zweiten Weltkrieg
9734587e,<entity1>,United States,Vereinigten Staaten
49a1490d,<entity1>,Atlanta,Alanta
49a1490d,<entity2>,Georgia,Georgia
ea0e29fa,<entity1>,United States,Vereinigten Staaten
796b6423,<entity1>,United States,Vereinigten Staaten
796b6423,<entity2>,Screen Actors Guild,Screen Actors Guild
2aac49ec,<entity1>,United Kingdom,Vereinigten Königreichs
2aac49ec,<entity2>,Napoleon,Napoleon
2aac49ec,<entity3>,Waterloo,Waterloo
e5a0c40f,<entity1>,Eiffel Tower,Effiel-Turms
989f0f59,<entity1>,Mediterranean,Mittelmeerraum
989f0f59,<entity2>,World War II,Zweiten Weltkrieg
47a989d4,<entity1>,Italy,Italien
47a989d4,<entity2>,World War II,Zweiten Weltkrieg
52a9069a,<entity1>,WW II,Weltkrieg
ce5a4cf3,<entity1>,Kuwait,Kuwait
ce5a4cf3,<entity2>,United States,Vereinigten Staaten
08d09f16,<entity1>,Falkland Islands,Falklandinseln
c28c73a8,<entity1>,France,Frankreich
c28c73a8,<entity2>,Maria Theresa,Maria Theresia
aa6169ae,<entity1>,Allied Powers,Pearl Harbor
bc0fb69e,<entity1>,Naples,Neapel
bc0fb69e,<entity2>,Sicily,Sizilien
bc0fb69e,<entity3>,Ferdinand I,Ferdinand I.
c870591d,<entity1>,France,Frankreich
8a29a0ba,<entity1>,France,Frankreich
3f06aa91,<entity1>,United States,Vereinigten Staaten
09beb34e,<entity1>,Spain,Spanien
09beb34e,<entity2>,Christopher Columbus',Christoph Kolumbus
7daa3f48,<entity1>,United States,Vereinigten Staaten
b1820a0e,<entity1>,John Wilkes Booth,John Wilkes Booth
7ae680c6,<entity1>,Henry VIII,Heinrich VIII
7ae680c6,<entity2>,Isabella I of,Isabella I. von Kastilien
b7b3b159,<entity1>,Portuguese,Schlacht von Mactan
b7b3b159,<entity2>,Atlantic,Atlantik
b7b3b159,<entity3>,Asia,Asien
7ff91dd1,<entity1>,Vietnam War,Vietnamkriegs
4af2539a,<entity1>,France,Frankreichs
b50b3bb0,<entity1>,Union Civil War,Union
1c1f0e61,<entity1>,Napoleon Bonaparte,Napoleons
0dc2a434,<entity1>,Second Triumvirate,Kleopatra
190aadb8,<entity1>,Ptolemaic Kingdom of Egypt,Ptolemaios XII Auletes
e5eea5ea,<entity1>,Canada,Kanadas
f9ef65c4,<entity1>,France,Frankreichs
f9ef65c4,<entity2>,Louis XV,Ludwig XV.
35d8455d,<entity1>,Battle of Hastings,Hastings
e9536d51,<entity1>,Elizabeth II,Elisabeth II.
f1829a69,<entity1>,Elizabeth II,Elisabeth II.
00c94566,<entity1>,United Nations,Vereinten Nationen
d65cbdec,<entity1>,Virginia,Virginia
d65cbdec,<entity2>,United States,Vereinigten Staaten
96a7a393,<entity1>,Greece,Griechenlands
26a2b90c,<entity1>,Egypt,Ägyptens
6f01186a,<entity1>,Scotland,Schottland
6faf6f35,<entity1>,Canada,Kanadas
3bb14d10,<entity1>,US,USA
3bb14d10,<entity2>,Korean War,Koreakrieg
e673de3c,<entity1>,Charlemagne,Karls des Großen
e673de3c,<entity2>,Italy,Italien
2f7c6f5e,<entity1>,George III,Georg III.
5b97a129,<entity1>,Spanish Armada,Spanische
03afe570,<entity1>,Ethiopia,Äthiopien
3232b60a,<entity1>,American,Amerikas
3232b60a,<entity2>,World War I,Ersten Weltkrieg
b0802e9e,<entity1>,Henry VIII,Heinrich VIII
6247cb27,<entity1>,United States,Vereinigten Staaten
6ff50d6d,<entity1>,US,Vereinigten Staaten
6ff50d6d,<entity2>,World War II,Zweiten Weltkriegs
4e8bfa62,<entity1>,Finland,Finnland
12cdebe8,<entity1>,Japan,Japan
12cdebe8,<entity2>,World War 2,Zweiten Weltkrieg
e3e6abe1,<entity1>,French,Frankreich
e3e6abe1,<entity2>,French Revolution,Französischen Revolution
e7e846a6,<entity1>,North America,Nordamerika
203069e0,<entity1>,Europe,Europa
203069e0,<entity2>,Asia,Asien
f05601a3,<entity1>,North American,Zweiten Weltkriegs
b3b830fe,<entity1>,Rome,Roms
cb512bc0,<entity1>,Rome,Rom
0d022bfc,<entity1>,Rome,Rom
1785fb3a,<entity1>,Charles VI,Karl VI
8230c50e,<entity1>,United States,Vereinigten Staaten
e43702ad,<entity1>,United States,Zweite Weltkrieg
1ec64bb2,<entity1>,United States,Vereinigten Staaten
4a7116b8,<entity1>,Iraq,Irak
951dd99e,<entity1>,United States,Vereinigten Staaten
32fd2909,<entity1>,Peter the Great,Peter dem Großen
6e0c629c,<entity1>,Russia,Russland
d7e9abf0,<entity1>,Japan,Japan
d7e9abf0,<entity2>,Russo Japanese,Russisch-Japanische Krieg
8db4fdd5,<entity1>,Europe,Kontinentaleuropa
b29a62af,<entity1>,Washington DC,Washington D C
e272b297,<entity1>,Finland,Finnland
e272b297,<entity2>,Winter War,Winterkriegs
9b0c22cf,<entity1>,Covid-19,Covid-19
69f15847,<entity1>,Soviet Union,Sowjetunion
7c586891,<entity1>,France,Frankreich
8e528343,<entity1>,Iraq,USA
976a2fd1,<entity1>,North America,Nordamerika
5054be2d,<entity1>,Pearl Harbor,Pearl Harbor
5054be2d,<entity2>,World War II,Zweiten Weltkrieg
8b64675a,<entity1>,United States,Vereinigten Staaten
35cfbbd4,<entity1>,United States,Vereinigten Staaten
a8e52b29,<entity1>,United States,Vereinigten Staaten
b3530e02,<entity1>,France,Frankreich
1847c2a1,<entity1>,Henry VIII,Heinrich VIII
dfa4ef53,<entity1>,Elizabeth II,Elisabeth II
9927f9f7,<entity1>,Elizabeth II,Elisabeth II
6bfc9021,<entity1>,Starry Night,Sternennacht
2bdb99f3,<entity1>,The Blinding of Samson,Die Blendung Samsons
3a7231cd,<entity1>,Chernobyl Nuclear Disaster,Tschernobyl
fb666217,<entity1>,Rome,Rom
50acefda,<entity1>,Rome,Rom
ac5a3a1c,<entity1>,Spain,Spanien
dc3d8068,<entity1>,United States,Vereinigten Staaten
d1a3f5bb,<entity1>,United States,Vereinigten Staaten
25253472,<entity1>,Second World War,Zweite Weltkrieg
e5ae859a,<entity1>,France,Frankreich
c4997309,<entity1>,Romanov,Russland
23085e13,<entity1>,Russia,Russland
c607ed62,<entity1>,Russia,Russland
99eacef5,<entity1>,Ulysses S Grant,Ulysses S. Grant
f2d7db77,<entity1>,Sweden,Schweden
82ec1d2d,<entity1>,Russia,Russland
d0fabcd7,<entity1>,Christian IX,Christian IX
d0fabcd7,<entity2>,Denmark,Dänemark
8d407f36,<entity1>,United Nations,Vereinten Nationen
39831466,<entity1>,United States,Vereinigten Staaten
8ea834ae,<entity1>,United States,Vereinigten Staaten
f8bd7ead,<entity1>,Mexico,Mexiko
1d44888a,<entity1>,United States,Vereinigten Staaten
af10997c,<entity1>,Egypt,Ägypten
33304a97,<entity1>,Brazil,Brasiliens
0ab42878,<entity1>,Rome,Rom
24cce19e,<entity1>,Rome,Rom
77b12cdf,<entity1>,Rome,Rom
52a60002,<entity1>,Scotland,Schottland
52a60002,<entity2>,England,England
0338e7fc,<entity1>,US,USA
0338e7fc,<entity2>,Olympics,Olympischen Spiele
a3ac552a,<entity1>,Napoleonic Wars,Napoleonischen Kriege
0da2c1c5,<entity1>,Mexico,Mexiko
f4cc8431,<entity1>,United States,Vereinigten Staaten
d135881d,<entity1>,United States,Vereinigten Staaten
c1f6cc96,<entity1>,United States,Vereinigten Staaten
c5e6c78a,<entity1>,Henry VIII,Heinrich VIII
e32c0422,<entity1>,United States,Vereinigten Staaten
fc76b135,<entity1>,United States,Vereinigten Staaten
f5cec9ca,<entity1>,Rome,Rom
1aa86c8e,<entity1>,United Kingdom,Vereinigten Königreichs
83ceaf01,<entity1>,Germans,Zweiten Welt
7668eddf,<entity1>,Russia,Russland
004e03fd,<entity1>,Nefertiti,Nofretetes
62db3e8b,<entity1>,Egypt,Ägypten
e856ebb0,<entity1>,Russia,Russland
78b54241,<entity1>,Canada,Kanadas
0d823068,<entity1>,Russia,Russland
c6092b92,<entity1>,Russia,Russland
80322d1b,<entity1>,Egypt,Ägypten
0e50bb90,<entity1>,Romania,Rumänien
0bc9b304,<entity1>,Greece,Griechenland
effe50ba,<entity1>,Scotland,Schottland
75c8f656,<entity1>,Rome,Rom
fcbbb34e,<entity1>,Rome,Rom
6f078b9e,<entity1>,Donald Trump,Donalt Trump
f9abc504,<entity1>,Norway,Norwegen
2f317f57,<entity1>,Germany,Deutschlands
8f921974,<entity1>,Western Roman Empire,Weströmischen Reichs
abc5fecd,<entity1>,Ptolemaic,Ptolemäer
abc5fecd,<entity2>,Egypt,Ägypten
721e4c34,<entity1>,Henry VIII,Heinrich VIII.
5b365412,<entity1>,United Kingdom of Great Britain,Vereinigten Königreichs von Großbritannien
afe38bc4,<entity1>,India,Indien
9649a69a,<entity1>,North Korea,Nordkorea
82684175,<entity1>,Czechoslovakia,Tschechoslowakei
51a1a924,<entity1>,United States of America,Vereinigten Staaten von Amerika
fea4ae15,<entity1>,United States of America,Vereinigten Staaten von Amerika
0d3e8130,<entity1>,United States of America,Vereinigten Staaten von Amerika
3d277e5a,<entity1>,France,Frankreichs
49a0fd96,<entity1>,California,Kalifornien
fefe2857,<entity1>,Ptolemaic,Ägypten
624ec495,<entity1>,Henry VIII,Heinrich VIII
e9d097fc,<entity1>,Henry VIII,Heinrich VIII.
5dd63693,<entity1>,Indonesia,Indonesiens
4d1fe9c8,<entity1>,India,Indiens
1dec5c53,<entity1>,Soviet Union,Sowjetunion
61b6d561,<entity1>,Soviet Union,Sowjetunion
f221f26d,<entity1>,Henry VIII,Heinrich VIII.
7812183e,<entity1>,Henry VIII,Heinrich VIII.
8a445d97,<entity1>,Henry VIII,Heinrich VIII.
5b21e137,<entity1>,Ottoman Empire,Osmanischen Reichs
336fc84b,<entity1>,Mexico,Mexiko
13bca964,<entity1>,United Nations,Vereinten Nationen
d242eaf2,<entity1>,Henry VIII,Heinrich VIII
504dc112,<entity1>,Henry VIII,Heinrich VIII
633af514,<entity1>,Ottoman Empire,Osmanischen Reichs
176b1a11,<entity1>,World War 2,Zweiten Weltkriegs
b5cca2c2,<entity1>,United States,Vereinigten Staaten
3a72ecbc,<entity1>,Olympic Games,Olympischen Spiele
49f795b5,<entity1>,German,Zweiten Weltkriegs
08dce203,<entity1>,World War II,Zweiten Weltkrieg
8d8a467f,<entity1>,United States,Vereinigten Staaten
17676f17,<entity1>,Korean War,Koreakriegs
49f350d8,<entity1>,Pacific,Pazifik
49f350d8,<entity2>,WWII,Zweiten Weltkrieg
77c606fd,<entity1>,France,Frankreichs
5b4c75ff,<entity1>,Rome,Rom
7932e9b8,<entity1>,World War I,Ersten Weltkriegs
409bf040,<entity1>,France,Frankreich
45c82a05,<entity1>,Louis XIV,Ludwig XIV
3a8b14dc,<entity1>,United States,Vereinigten Staaten
fc0799eb,<entity1>,United States,Vereinigten Staaten
879cf672,<entity1>,United States,Vereinigten Staaten
98ac905a,<entity1>,Africa,Afrika
a44b1ad2,<entity1>,WWII,Zweiten Weltkrieg
603bafa9,<entity1>,Canada,Kanada
7487d160,<entity1>,United Kingdom,Vereinigte Königreich
437cbdbf,<entity1>,Christopher Columbus,Christoph Kolumbus
437cbdbf,<entity2>,Americas,Amerika
09296c40,<entity1>,World War II,zweite Weltkrieg
5a6b9a1f,<entity1>,Marie Antoinette,Marie Antoinette
5a6b9a1f,<entity2>,France,Frankreich
7a26e9bb,<entity1>,Elizabeth I,Elizabeth I von England
f4b680d4,<entity1>,Constantinople,Konstantinople
f4b680d4,<entity2>,Ottoman Empire,Ottoman-Reich
2630c08d,<entity1>,Kingdom of Sardinia,Sardinien
2630c08d,<entity2>,Treaty of Worms,Vertrag von Worms
1961015e,<entity1>,Edward,Edward der Ältere
1961015e,<entity2>,Anglo-Saxons,Angelsachsen
a0fc682a,<entity1>,French Revolution,Französische Revolution
2e3e2d72,<entity1>,CIA,CIA
2e3e2d72,<entity2>,Fidel Castro,Fidel Castro
2e3e2d72,<entity3>,Cuba,Kuba
4cfd3058,<entity1>,Alexander the Great,Alexander der Große
4ca9272a,<entity1>,Germany,Deutschland
4ca9272a,<entity2>,Pearl Harbor,Pearl Harbor
8020c87a,<entity1>,Germans,zweiten Weltkrieg
c1b62eed,<entity1>,Henry V,Heinrich V.
c1b62eed,<entity2>,England,England
1ffea70d,<entity1>,Japan,Japan
1ffea70d,<entity2>,World War 2,zweiten Weltkrieg
dc7bcf33,<entity1>,United States,Vereinigten Staaten
52b388f9,<entity1>,Nicholas II,Nikolaus II
52b388f9,<entity2>,Russia,Russland
86fc3379,<entity1>,Edward VIII,Eduard VIII
ab23a7cd,<entity1>,Brazil,Brasilien
ab23a7cd,<entity2>,World War II,Zweiten Weltkrieg
fb89c2b7,<entity1>,WWII,zweiten Weltkrieg
dc24d81b,<entity1>,Boris Yeltsin,Boris Jelzin
dc24d81b,<entity2>,Russia,Russland
6295f62f,<entity1>,Jacques Chirac,Jacques Chirac
6295f62f,<entity2>,France,Frankreich
73862458,<entity1>,Confucius,Konfuzius
3b22c783,<entity1>,Genghis Khan,Dschingis Khan
263a4743,<entity1>,Genghis Khan,Genghis Khan
263a4743,<entity2>,America,Amerika
bdf44aab,<entity1>,South Africa,Südafrika
0679fd20,<entity1>,United States,zweiten Weltkrieg
0679fd20,<entity2>,Japan,Japan
8edeb783,<entity1>,Australia,Australien
3590dd4e,<entity1>,Americans,Amerikanischen Revolution
9fa0604d,<entity1>,Adolf Hitler,Hitler
9fa0604d,<entity2>,World War 2,Zweiten Weltkrieg
10f0085c,<entity1>,Elizabeth I,Elisabeth
10f0085c,<entity2>,UK,Vereinigten Königreich
f6611f26,<entity1>,Victoria,Victoria
aa422e21,<entity1>,John Paul,Johannes Paul II
2e4500f3,<entity1>,Henry V,Heinrich V.
349b0c4a,<entity1>,Henry IV,Heinrich IV von Frankreich
9b71e0bf,<entity1>,Caligula,Caligula
9b71e0bf,<entity2>,Rome,Rom
788f2988,<entity1>,America,Amerika
788f2988,<entity2>,WW2,Zweiten Weltkriegs
affab0cd,<entity1>,Benito Mussolini,Benito Mussolini
affab0cd,<entity2>,WW2,zweiten Weltkrieges
43678d3f,<entity1>,Canada,Kanada
43678d3f,<entity2>,United Kingdom,Vereinigten Königreich
47bcf114,<entity1>,Canada,Kanada
47bcf114,<entity2>,World War II,Zweiten Weltkrieg
80d721cc,<entity1>,Douglas MacArthur,Douglas MacArthur
80d721cc,<entity2>,Japanese,Japans
f8ea59f9,<entity1>,Francis,Franziskus
60bd0f28,<entity1>,Mark Antony,Mark Anton
65796545,<entity1>,Second World War,Weltkrieg
de3a12ae,<entity1>,Hitler,Hitler
36ccfa24,<entity1>,Battle of Bunker Hill,Bunker Hill
13508c00,<entity1>,Alexander the Great,Alexander der Große
be0c4040,<entity1>,World War 1,Ersten Weltkrieg
204f1126,<entity1>,Japan,Japan
204f1126,<entity2>,World War I,ersten Weltkrieg
9896653c,<entity1>,United Kingdom,Großbritannien
3b66ab40,<entity1>,United States,USA
3b66ab40,<entity2>,France,Frankreich
7ee0de9f,<entity1>,Henry VIII,Heinrich VIII
7ee0de9f,<entity2>,France,Frankreich
f86d6d8e,<entity1>,George III,Georg
b24edbc2,<entity1>,Kansas,Kansas
b24edbc2,<entity2>,Confederate States of America,Konföderierten Staaten von Amerika
d17009f7,<entity1>,Joseph Stalin,Joseph Stalin
d17009f7,<entity2>,Germany,Deutschlands
0809e5b7,<entity1>,Elizabeth I,Elisabeth
0809e5b7,<entity2>,England,England
0809e5b7,<entity3>,Ireland,Irland
b9368341,<entity1>,Adolf Hitler,Adolf Hitler
b9368341,<entity2>,Germany,Deutschland
1b3d3f2f,<entity1>,Boris Yeltsin,Boris Jelzin
1b3d3f2f,<entity2>,Russia,Russlands
e7be321d,<entity1>,White House,Weiße Haus
a2cc92f2,<entity1>,United States,USA
a2cc92f2,<entity2>,Allied Powers,Alliierten
aaaf8734,<entity1>,Allies,Normandie
1a5a59c1,<entity1>,Genghis Khan,Dschingis Khan
1a5a59c1,<entity2>,Mongol Empire,Mongolischen Reichs
bc915226,<entity1>,Sweden,Schweden
bc915226,<entity2>,World War II,Zweiten Weltkrieg
1246e373,<entity1>,George Washington,George Washington
1246e373,<entity2>,United States of America,Vereinigten Staaten
7836c9bd,<entity1>,USA,USA
7836c9bd,<entity2>,Germany,Deutschlands
7836c9bd,<entity3>,World War II,Zweiten Weltkrieg
e089b646,<entity1>,Robert II,Robert II
e089b646,<entity2>,Scots,Schottland
d04f1104,<entity1>,Germany,Deutschland
d04f1104,<entity2>,Poland,Polen
d04f1104,<entity3>,World War II,Zweiten Weltkriegs
a4990131,<entity1>,Japan,Japan
a4990131,<entity2>,Pearl Harbor,Pearl Harbor
a4990131,<entity3>,United States,Zweiten Weltkrieg
99be8554,<entity1>,Joseph Stalin,Josef Stalin
99be8554,<entity2>,Russia,Russland
99be8554,<entity3>,World War II,Zweiten Weltkriegs
7fa8a777,<entity1>,John F. Kennedy,John F. Kennedy
7fa8a777,<entity2>,World War II,Zweiten Weltkrieg
642abacc,<entity1>,Ethiopia,Äthopien
642abacc,<entity2>,Korean War,Korea-Krieg
2075a898,<entity1>,Japan,Japan
2075a898,<entity2>,Allied Alliance,Allierten Allianz
2075a898,<entity3>,World War II,Weltkrieg
0079245b,<entity1>,United States,Vereinigten Staaten
144ffb11,<entity1>,Spain,Spanien
144ffb11,<entity2>,Philippines,Philippinen
cb66e96b,<entity1>,England,England
cb66e96b,<entity2>,France,Frankreich
1f4fbf6a,<entity1>,Rome,Rom
1f4fbf6a,<entity2>,Egypt,Ägypten
6d6a939b,<entity1>,Mata Hari,Mata Hari
6d6a939b,<entity2>,Netherlands,Niederlanden
61243433,<entity1>,John Quincy Adams,John Quincy
61243433,<entity2>,United States of America,Vereinigten Staaten
27820b49,<entity1>,Ireland,Irland
27820b49,<entity2>,Second World War,Zweiten Weltkrieg
90c8c886,<entity1>,Roanoke Colony,Roanoke Island
90c8c886,<entity2>,English,Englands
90c8c886,<entity3>,North America,Nordamerika
9a456ec4,<entity1>,Soviet Union,Sowjetunion
9a456ec4,<entity2>,American ally,Amerikas
9a456ec4,<entity3>,World War ll,Zweiten Weltkrieg
a16281e5,<entity1>,Qin Shi Huang,Qin Shi Huang
88809653,<entity1>,Russia,Russland
88809653,<entity2>,US,USA
f87a28b4,<entity1>,World War 2,Zweite Weltkrieg
4e9f57f4,<entity1>,United Nation,Vereinten Nationen
4e9f57f4,<entity2>,League of Nations,Völkerbund
37b8ae66,<entity1>,Agamemnon,Agamemnon
37b8ae66,<entity2>,Troy,Troja
263bbec8,<entity1>,Germany,Deutschland
263bbec8,<entity2>,World War I,Ersten Weltkrieg
af629e16,<entity1>,Winston Churchill,Winston Churchill
af629e16,<entity2>,Great Britain,Großbritannien
af629e16,<entity3>,Munich Agreement,Münchner Abkommen
b3150a9c,<entity1>,Star Trek: The Motion Picture,Star Trek
b0cbe491,<entity1>,Nightmare on Elm Street,Nightmare on Elm Street
b0cbe491,<entity2>,Friday the 13th,Freitag der 13.
bebc6207,<entity1>,Academy Awards,Oscars
bebc6207,<entity2>,Spencer Tracy,Spencer Tray
bebc6207,<entity3>,Walter Brennan,Walter Brennan
a7584e75,<entity1>,2001: A SPACE ODYSSEY,2001
a7584e75,<entity2>,SILENT RUNNING,Silent Running
af22a35c,<entity1>,Oscars,Oskars
af22a35c,<entity2>,Stanley Kubrick,Stanley Kubrick
af22a35c,<entity3>,William Wyler,William Wyler
a75abd1d,<entity1>,Oscars,Oscars
a75abd1d,<entity2>,Jodie Foster,Jodie Foster
a75abd1d,<entity3>,Frances McDormand,Frances McDormand
b51e6be0,<entity1>,Chris Evans,Christ Evans
b51e6be0,<entity2>,Robert Downey Jr.,Robert Downey Jr.
48844651,<entity1>,Harry Potter and the Sorcerer's Stone,Harry Potter
48844651,<entity2>,Harry Potter and the Goblet of Fire,Harry Potter
4a0b303c,<entity1>,Academy Awards,Oscars
4a0b303c,<entity2>,Katharine Hepburn,Katharine Hepburn
4a0b303c,<entity3>,Daniel Day-Lewis,Daniel Day-Lewis
a38f2db3,<entity1>,Troy,Troja
352b0a5c,<entity1>,Avatar,Avatar
352b0a5c,<entity2>,Cloudy With a Chance of Meatballs,Wolkig
bc1731d7,<entity1>,Quentin Tarantino,Quentin Tarantino
bc1731d7,<entity2>,Palme d'Or,Goldene Palme
bc1731d7,<entity3>,Cannes Film Festival,Cannes
0ef34a21,<entity1>,Academy Awards,Oscars
0ef34a21,<entity2>,David Lynch,David Lynch
9eb39b27,<entity1>,Empire Awards,Empire Awards
9eb39b27,<entity2>,Tom Cruise,Tom
32137534,<entity1>,Taika Waititi,Taiga Waititi
a7c93955,<entity1>,Bong Joon-ho,Bon Joon-ho
ce1b1f94,<entity1>,Chloé Zhao,Chloe Zhao
79bee70f,<entity1>,Marty McFly,Marty McFly
72490786,<entity1>,Spider-Man,Spiderman
72490786,<entity2>,Tobey McGuire,Tobey McGuire
82393adf,<entity1>,Candyman,Canyman
3b765361,<entity1>,Reese Witherspoon,Reese Witherspoon
3b765361,<entity2>,Oscar,Oskar
2bcdb5f6,<entity1>,Josh Trank,Josh Trans
9fc9fa40,<entity1>,Martin Scorsese,Martin Scorcese
cb907dc9,<entity1>,Martin Scorsese,Martin Scorcese
cb907dc9,<entity2>,Golden Globe,Golden Globe
362c58a9,<entity1>,Wes Anderson,Wes Anderson-Film
362c58a9,<entity2>,Academy Awards,Oscar
e9161639,<entity1>,Bernardo Bertolucci,Bernardo Bertolucci
e9161639,<entity2>,Academy Award,Oscar
ecaeea0f,<entity1>,Coen,Coen-Brüder
ecaeea0f,<entity2>,Academy Award,Oscar
0e879b61,<entity1>,Marty,Martys
0e879b61,<entity2>,Back to the Future,Zurück in die Zukunft-Film
6752439d,<entity1>,Leonardo DiCaprio,Leonardo Dicaprio
6752439d,<entity2>,Oscar,Oskar
f3d313a2,<entity1>,Tim Burton,Johnny Depp
ef2b6a15,<entity1>,James Bond,Sean Connery
ef2b6a15,<entity2>,Sean Connery,Eon Productions
03a41046,<entity1>,Peter Jackson,Peter Jackson
03a41046,<entity2>,Academy Award,Oscar
06bb5864,<entity1>,Naomi Watts,Naomi Watts
d121b432,<entity1>,The Wizard of Oz,Der Zauberer von Oz
d121b432,<entity2>,Liza Minnelli,Liza Minnelli
aba735ad,<entity1>,Timothée Chalamet,Timothee Chalamet
aba735ad,<entity2>,Lil Nas X,Lil Nas
a9c3870f,<entity1>,Steven Spielberg,Steven Spielberg
a9c3870f,<entity2>,Oscar,Oscar
cc55fa74,<entity1>,Australian,Australien
cc55fa74,<entity2>,X-men,X-men
d7182411,<entity1>,Die Hard,Stirb langsam
ab042b52,<entity1>,James Bond,James Bond
ab042b52,<entity2>,Ireland,Irland
febbe660,<entity1>,Die Hard,Stirb Langsam
febbe660,<entity2>,Montclair State University,Montclair State University
f5f4851e,<entity1>,Christopher Walken,Christopher Walken
f5f4851e,<entity2>,Academy Awards,Oscars
746cb1b5,<entity1>,Moulin Rouge,Moulin Rouge
746cb1b5,<entity2>,Australia,Australien
e14a5c50,<entity1>,Hermione Granger,Hermine Granger
570dfc25,<entity1>,Academy Awards,Jack Dawson
570dfc25,<entity2>,Titanic,Titanic
b8c05040,<entity1>,Oscars,Oskars
b8c05040,<entity2>,La La Land,La la Land
c495126a,<entity1>,Quentin Tarantino,Quentin Tarantino
c495126a,<entity2>,Oscar,Oskar
b3dab6f4,<entity1>,Natalie Portman,Natalie Portman
b3dab6f4,<entity2>,Oscar,Oskar
44c30f4d,<entity1>,Back to the Future,Zurück in die Zukunft
dfe17d6e,<entity1>,Jessica Chastain,Jessica Chastain
dfe17d6e,<entity2>,Oscar,Oskar
1187689d,<entity1>,Leonardo DiCaprio,Leonardo DiCaprio
1187689d,<entity2>,Oscar,Oskar
f433f3be,<entity1>,Academy Award,Oscar
8990b5e7,<entity1>,Academy Awards,Oscars
41380d3b,<entity1>,Academy Awards,Oscars
eb17e180,<entity1>,Slumdog Millionaire,Slumdog Millionär
caca7009,<entity1>,Slumdog Millionaire,Slumdog Millionär
caca7009,<entity2>,Danny Boyle,Danny Boyle
029fbc4f,<entity1>,Johnny Depp,Johnny Depp
029fbc4f,<entity2>,The Matrix,Matix
c7283d38,<entity1>,The Karate Kid,Karate Kid
cc087126,<entity1>,Ian McKellen,Ian McKellen
cc087126,<entity2>,The Hobbit,Hobbit
467ac936,<entity1>,Planet of the Apes,Planet der Apes
bf17e7ba,<entity1>,Viggo Mortensen,Viggo Mortensen
bf17e7ba,<entity2>,Oscar,Oskar
9e9a69b4,<entity1>,Liam Neeson,Liam Neeson
9e9a69b4,<entity2>,Oscar,Oskar
9e9a69b4,<entity3>,Schindler's List,Schindlers List
26304faf,<entity1>,Nakatomi Plaza,Nakatomi Plaza
96a609a7,<entity1>,Steven Spielberg,Steven Spielberg
96a609a7,<entity2>,Oscar,Oscar
3065ebc6,<entity1>,Morgan Freeman,Morgan Freeman
3065ebc6,<entity2>,The Shawshank Redemption,Die Verurteilten - Die Erlösung
a82a3de4,<entity1>,Parasite,Parasite
a82a3de4,<entity2>,Oscar,Oscar
84935693,<entity1>,BTS Tour,Wings Tour
84935693,<entity2>,The Wings Tour,Love Yourself World Tour
7eb645c9,<entity1>,Blackpink,Black Pink
91b92029,<entity1>,Grammy Awards,Gammy Awards
91b92029,<entity2>,Drake,Drake
1875dee7,<entity1>,Can't Feel My Face,Can' T Feel My Face
1875dee7,<entity2>,Weeknd,Weeknd
d61826dc,<entity1>,BTS,BTS
d61826dc,<entity2>,Korean,Hwarang
d61826dc,<entity3>,Hwarang: The Poet Warrior Youth,Die Dichter-Krieger-Jugend
59b1c8f7,<entity1>,The Beatles,Beattles
10e6edfd,<entity1>,The Beatles,Beattles
3591ff40,<entity1>,Guns N' Roses,Guns N' Roses
3591ff40,<entity2>,American Music Awards,American Music Award
303fad2c,<entity1>,Billy Squire,Billy Squire
daeb6e88,<entity1>,Blackpink,Black Pink
42da5d31,<entity1>,Beyoncé,Beyonce
42da5d31,<entity2>,Shakira,Shakira
a9664c5c,<entity1>,Championships,Michael Jordan
a9664c5c,<entity2>,Michael Jordan,Kobe Bryant
7fd6da80,<entity1>,Super Bowls,Superbowls
7fd6da80,<entity2>,NY Giants,NY Giants
7fd6da80,<entity3>,NY Jets,NY Jets
952415ed,<entity1>,Grand Slams,Grand Slams
952415ed,<entity2>,Roger Federer,Roger Federer
952415ed,<entity3>,Rafael Nadal,Rafael Nadal
7ff8f677,<entity1>,USA,USA
7ff8f677,<entity2>,Olympics,Olympischen Spielen
c5aa28d9,<entity1>,Mick Schumacher,Mick Schumacher
192de488,<entity1>,Aly Raisman,Aly Raisman
6a73483f,<entity1>,Suni Lee,Suni Lee
8955d436,<entity1>,U.S.,USA
481c94de,<entity1>,Germany,Deutschland
e62fabad,<entity1>,Liverpool,Liverpool
e62fabad,<entity2>,AC Milan,AC Mailand
4e8e17f3,<entity1>,Grand Slam,Grand-Slam-Turnier
4e8e17f3,<entity2>,Novak Djokovic,Novak Djokovic
a9f43666,<entity1>,USA,USA
a9f43666,<entity2>,Olympics,Olympischen Spiele
7b770c18,<entity1>,Premier League,Leicester City
a73846e4,<entity1>,Premier League,Liverpool
f1ee043d,<entity1>,European,Premier League
f1ee043d,<entity2>,UEFA Champions League,UEFA Champions League
0cfebac3,<entity1>,French Open,French Open
0cfebac3,<entity2>,Manacor,Manacor
0cfebac3,<entity3>,Mallorca,Mallorca
0cfebac3,<entity4>,Spain,Spanien
6e9a7802,<entity1>,Chicago Blackhawks,Chicago Blackhawks
6e9a7802,<entity2>,Winter Olympics,Olympischen Winterspiele
fbb9d5f9,<entity1>,California,Kalifornien
fbb9d5f9,<entity2>,Chone Figgins,Chone Figgins
b4806408,<entity1>,Formula 1,Formel 1
48460d14,<entity1>,US Open,US Open
4dd46b8a,<entity1>,Cristiano Ronaldo,Cristiano Ronaldos
4dd46b8a,<entity2>,Manchester United,Manchester United
d9a5c028,<entity1>,Lionel Messi,Lionel Messi
d9a5c028,<entity2>,Argentina,Argentinien
6e92e55e,<entity1>,Germany,Deutschland
3430c609,<entity1>,Winter Olympics,Olympischen Winterspiele
9b1ff28a,<entity1>,Grand Slam,Grand-Slam-Turnier
9b1ff28a,<entity2>,Roger Federer,Roger Federer
762c4472,<entity1>,Grand Slam,Grand-Slam-Turnier
762c4472,<entity2>,Maria Sharapova,Maria Sharapova
c165923a,<entity1>,San Francisco 49ers,San Francisco 49rs
c165923a,<entity2>,Super Bowl XLVII,Super Bowl
c2daf0ea,<entity1>,Michael Phelps,Michael Phelps
c2daf0ea,<entity2>,Olympics,Olympischen Spielen
3709934b,<entity1>,Trevor Lawrence,Trevor Lawrence
8cc14680,<entity1>,Caeleb Dressel,Caeleb Dressel
8cc14680,<entity2>,Olympics,Olympischen Spielen
f19a4aec,<entity1>,Brazil,Brasilien
f19a4aec,<entity2>,Copa America,Copa America
ba43a2c8,<entity1>,France,Frankreichs
9aa5ba3c,<entity1>,United States,Vereinigten Staaten
9aa5ba3c,<entity2>,Tokyo,Tokio
9aa5ba3c,<entity3>,Olympics,Olympischen Spielen
91465ad9,<entity1>,Kawhi Leonard,Kawhi Leonard
91465ad9,<entity2>,Los Angeles Clippers,Los Angeles Clippers
448888db,<entity1>,The Lord of the Rings,Der Herr der Ringe
448888db,<entity2>,Atlas Shrugged,Atlas wirft die Welt ab
1241c152,<entity1>,John Steinbeck,John Steinbeck
1241c152,<entity2>,The Grapes of Wrath,Früchte des Zorns
1241c152,<entity3>,The Pearl,Die Perle
05aa52f3,<entity1>,To Kill a Mockingbird,Wer die Nachtigall stört
05aa52f3,<entity2>,The Great Gatsby,Der große Gatsby
cf161d04,<entity1>,Brave New World,Schöne neue Welt
8147b1bf,<entity1>,Harry Potter,Harry Potter
8147b1bf,<entity2>,Lord of the Rings,Der Herr der Ringe
b66847d8,<entity1>,Captain Underpants,Kapitän Unterhose
b66847d8,<entity2>,Lord of the Rings,Der Herr der Ringe
d65817de,<entity1>,Lord of the Rings,Der Herr der Ringe
d65817de,<entity2>,Game of Thrones,Spiel der Throne
31e10b2d,<entity1>,Game of Thrones,Spiel der Throne
31e10b2d,<entity2>,Lord of the Rings,Der Herr der Ringe
7357f044,<entity1>,The Lord of the Rings,Der Herr der Ringe
7357f044,<entity2>,Harry Potter and the Sorcerer's Stone,Harry Potter
9422b507,<entity1>,Lord of the Flies,Herr der Fliegen
66ffbed2,<entity1>,Harry Potter,Harry Potter
66ffbed2,<entity2>,Goosebumps,Gänsehaut
74b3c0ee,<entity1>,The Great Gatsby,Große Gatsby
c17650e5,<entity1>,Wuthering Heights,Sturmhöhe
c17650e5,<entity2>,Pride and Prejudice,Stolz und
30fe2792,<entity1>,Phantom of the Opera,Das Phantom der Opfer
30fe2792,<entity2>,Frankenstein,Frankenstein
2ab4ffe7,<entity1>,The Wonderful Wizard of Oz,Der Zauberer von Oz
e8c37e16,<entity1>,The Lord of the Rings,Der Herr der Ringe
e8c37e16,<entity2>,J.R.R. Tolkien,J.R.R. Tolkien
dc39bb17,<entity1>,Cormac McCarthy,Cormac McCarthy
dc39bb17,<entity2>,Pulitzer Prize,Pulitzer-Preis
47a0c9cb,<entity1>,The Lord of the Rings,Der Herr der Ringe
3acf22eb,<entity1>,A Series of Unfortunate Events,Eine Reihe betrüblicher Ereignisse
da15c05f,<entity1>,Ernest Hemingway,Ernest Hemingway
da15c05f,<entity2>,Pulitzer Prize,Pulitzer-Preis
23fe636c,<entity1>,Ernest Hemingway,Ernest Hemingway
23fe636c,<entity2>,Nobel Prize,Nobel-Preis
c2bf96b2,<entity1>,Lord of the Rings,Herr der Ringe
5f33bacc,<entity1>,Ursulla K. Le Guin,Ursulla K. Le GUin
5f33bacc,<entity2>,Neubla Award,Nebula Award
6f07a44c,<entity1>,Triwizard Tournament,Trimagischen Turnier
f3d4746c,<entity1>,To Kill A Mocking Bird,Wer die Nachtigall stört
311d15b8,<entity1>,Pulitzer Prize,Pulitzer-Preis
311d15b8,<entity2>,John Kennedy Toole,John Kennedy Toole
5997092a,<entity1>,Lord of the Rings,Der Herr der Ringe
f446a5b2,<entity1>,Lord of the Rings,Herr der Ringe
f446a5b2,<entity2>,Bilbo Baggins,Bilbo Baggins
8cf65676,<entity1>,Lord of the Rings,Gandalf den Weißen
3e55e096,<entity1>,Ernest Hemingway,Ernest Hemigway
1a84be06,<entity1>,The Lord of the Rings,Herr Der Ringe-Buch
f992b16b,<entity1>,Gabriel García Márquez,Gabriel Garcia Márquez
45f01d01,<entity1>,Song of Ice and Fire,Das Lied von Eis und Feuer
6857e7a4,<entity1>,Lord of the Rings,Der Herr der Ringe
6ff78089,<entity1>,Bible,Bibel
8a680039,<entity1>,The Hobbit,Hobbit
cb45cca5,<entity1>,The Illiad,ODYSSEE
b055a3ad,<entity1>,Stanly Kubrick,Stanly Kubricks
e0096a94,<entity1>,Lord of the Rings,Herr der Ringe
dfb7e530,<entity1>,Lord of the Rings,Herr der Ringe
5ee89c84,<entity1>,Lord of the Rings,Herr der Ringe
5109c873,<entity1>,Schindler's List,Schindlers
ea3f1da9,<entity1>,Lord of the Rings,Der Herr der Ringe
eefb734c,<entity1>,Lord of the Rings,Herr der Ringe
92a85609,<entity1>,Red Mars,Roter Mars
bb189d18,<entity1>,Divine Comedy,Die Göttliche Komödie
70424242,<entity1>,The Martian Chronicles,Die Mars-Chroniken
57930e07,<entity1>,The Lord of the Rings,Der Herr der Ringe
e3087913,<entity1>,The Wonderful Wizard of Oz,Der Zauberer von
6feed4fe,<entity1>,To Kill a Mockingbird,Wer die Nachtigall stört
6d52fbf3,<entity1>,Mississippi State University,Mississippi State University
601cf3a4,<entity1>,Pride and Prejudice,Stolz und Vorurteil
113011ea,<entity1>,"20,000 Leagues Under the Sea",20.000 Meilen unter dem Meer
3e6df8ee,<entity1>,The Mortal Instruments,Chroniken der Unterwelt
99b7db04,<entity1>,Lord of the Rings,Der Herr der Ringe
bd2cae98,<entity1>,Percy Jackson & the Olympians,Percy Jackson
a608eb4c,<entity1>,Lord of the Rings,Der Herr der Ringe
c5457262,<entity1>,Neil Gaiman,Neil Gaiman
c5457262,<entity2>,Good Omens,Ein gutes Omen
b2b412f4,<entity1>,Alex Rider,Alex-Rider-Buch
432b3d5e,<entity1>,Lord of the Rings,Herr der Ringe
69ec1e6d,<entity1>,Lord of the Rings,Herr der Ringe
59cc468e,<entity1>,A Song of Ice and Fire,Das Lied von Eis und Feuer
c5dc4e4d,<entity1>,R.L. Stine,R.L Stine
10636e0e,<entity1>,R.L. Stine,Stine
0d6a8494,<entity1>,Shire,Hobbit
0d6a8494,<entity2>,Lord of the Rings,Der Herr der Ringe
ab11f5d2,<entity1>,Jay Gatsby,Jay Gatsby
ab11f5d2,<entity2>,The Great Gatsby,Der große Gatsby
775b573b,<entity1>,Allie,Allie
775b573b,<entity2>,Noah,Noah
775b573b,<entity3>,The Notebook,Wie
208ff033,<entity1>,Stephen King,Stephen King
208ff033,<entity2>,Pulitzer Prize,Pulitzer-Preis
d7642c02,<entity1>,Ray Bradbury,Ray Bradbury
d7642c02,<entity2>,The Martian Chronicles,Die Mars-Chroniken
5396a5d4,<entity1>,Harry Potter and the Goblet of Fire,Harry Potter und der Feuerkelch
3a8e94f4,<entity1>,Edith Wharton,Edith Wharton
3a8e94f4,<entity2>,Pulitzer Prize,Zeit der Unschuld
362da8cb,<entity1>,The Great Gatsby,Der große Gatsby
e91ffbf9,<entity1>,J.R.R. Tolkien,Tolkien
2d34d7d8,<entity1>,George Orwell,George Orwell
2d34d7d8,<entity2>,Animal Farm,Zweiten Weltkriegs
4cbd9d22,<entity1>,Henry Miller,Henry Miller
4cbd9d22,<entity2>,Pulitzer Prize,Pulitzer-Preis
8766997a,<entity1>,Charles Bukowski,Charles Bukowski
8766997a,<entity2>,Pulitzer Prize,Pulitzer-Preis
114c5a32,<entity1>,John Fante,John Fante
114c5a32,<entity2>,Pulitzer Prize,Pulitzer-Preis
aed6f654,<entity1>,The Beak of the Finch,The Break of the Finch
aed6f654,<entity2>,Pulitzer Prize,Pulitzer-Preis
842d1302,<entity1>,Lords of the Rings,Der Herr der Ringe
61dd9126,<entity1>,America,Amerika
61dd9126,<entity2>,UK,Vereinigte Königreich
fb7ba820,<entity1>,Mongolia,Mongolien
fb7ba820,<entity2>,China,China
c223d820,<entity1>,Mexico,Mexiko
c223d820,<entity2>,USA,Vereinigten Staaten
19bb6aeb,<entity1>,Canada,Kanada
19bb6aeb,<entity2>,United States,Vereinigten Staaten
cc4c681f,<entity1>,Canada,Kanada
cc4c681f,<entity2>,United States,Vereinigten Staaten
112ed79a,<entity1>,Canada,Kanada
112ed79a,<entity2>,United States,Vereinigten Staaten
93bb99ba,<entity1>,Canada,Kanada
93bb99ba,<entity2>,United States,Vereinigten Staaten
1725df9b,<entity1>,South Africa,Südafrika
1725df9b,<entity2>,Nigeria,Nigeria
8eeb3b9b,<entity1>,Brazil,Brasilien
8eeb3b9b,<entity2>,Australia,Australien
f0224326,<entity1>,Germany,Deutschland
f0224326,<entity2>,Spain,Spanien
601a806e,<entity1>,British Colombia,British Columbia
601a806e,<entity2>,Ontario,Ontario
b01d17a8,<entity1>,African,Gambia
b01d17a8,<entity2>,Gambia,Ruanda
4b6cd782,<entity1>,Mississippi River,Mississippi
4b6cd782,<entity2>,Colorado River,Colorado
fc21bd85,<entity1>,Rhine River,Rhein
fc21bd85,<entity2>,Danube River,Donau
7c408534,<entity1>,Brazil,Brasilien
7c408534,<entity2>,Mexico,Mexiko
ca2920b3,<entity1>,Brazil,Brasilien
ca2920b3,<entity2>,Mexico,Mexiko
912f8c51,<entity1>,USA,Russland
912f8c51,<entity2>,Russia,Vereinigten Staaten
66d9ba74,<entity1>,Missouri River,Missouri River
66d9ba74,<entity2>,Mississippi River,Mississippi
f2f45c4b,<entity1>,Elbe River,Elbe
f2f45c4b,<entity2>,Donau River,Donau
55e7694a,<entity1>,Pakistan,Pakistan
55e7694a,<entity2>,Brazil,Brasilien
cee160e9,<entity1>,Japan,Japan
cee160e9,<entity2>,South Korea,Süd-Korea
053265c6,<entity1>,Germany,Frankreich
053265c6,<entity2>,France,Deutschland
7368db41,<entity1>,Philippines,Philippinen
a800f35c,<entity1>,Australia,Australien
24fc3c9a,<entity1>,Europe,Europa
f8613ef0,<entity1>,South Asia,Südasien
ea14ae3d,<entity1>,Mexico,Mexiko
eb8435f8,<entity1>,Caspian Sea,Kaspische Meer
c4eec379,<entity1>,Canada,Kanada
7a2fbe54,<entity1>,United States,Vereinigten Staaten
5cc1c1a6,<entity1>,Canada,Kanada
816aec09,<entity1>,Mexico,Mexiko
88ba51c2,<entity1>,Great Britain,Großbritannien
932c6f20,<entity1>,Mississippi River,Mississippi
70ba4198,<entity1>,United States,Vereinigten Staaten
359691ae,<entity1>,Africa,Afrika
a9a648af,<entity1>,Asia,Asien
ba0fe6fc,<entity1>,Australia,Australien
5fadb2a4,<entity1>,Africa,Afrika
6d7e5b07,<entity1>,Egypt,Ägypten
944820eb,<entity1>,California,Kalifornien
e2881528,<entity1>,Australia,Australien
dede6343,<entity1>,Caribbean,Karibik
3bcae0ba,<entity1>,New Guinea,Neu Guinea
b4c5f29f,<entity1>,Europe,Europa
b4c5f29f,<entity2>,EU,EU
1901eb73,<entity1>,Southeastern Asia,Südostasien
1901eb73,<entity2>,Asian Tigers,Tiger
b777e915,<entity1>,West Africa,Westafrika
b997c050,<entity1>,Western Europe,Westeuropa
b997c050,<entity2>,European Union,Europäischen Union
d6744dfe,<entity1>,United Kingdom,Vereinigten Königreich
a2b8164d,<entity1>,Eastern Europe,Westeuropa
a2b8164d,<entity2>,Western Europe,Osteuropa
d222acc0,<entity1>,France,Frankreich
b25f849d,<entity1>,Eastern California,Ostkalifornien
b25f849d,<entity2>,Mojave Desert,Mojave-Wüste
b25f849d,<entity3>,Colorado,Colorado
e66c4ca7,<entity1>,North America,Nordamerikas
e66c4ca7,<entity2>,Florida,Florida
7bf322cf,<entity1>,North American,Nordamerika
7bf322cf,<entity2>,Pennsylvania,Pennsylvania
a2970b85,<entity1>,Italy,Italien
71ff7fe4,<entity1>,United States,Vereinigten Staaten
696bd1c9,<entity1>,United States,Nordamerika
4cb9e7e4,<entity1>,Italy,Italien
4cb9e7e4,<entity2>,Italy,Italien
cdfc3f93,<entity1>,Italy,Italien
8d354b9a,<entity1>,Greece,Griechenland
8d354b9a,<entity2>,Turkey,Türkei
5f9e2522,<entity1>,St. Basil's Cathedral,Basilius-Kathedrale
36f49b12,<entity1>,Zambia,Zambia
36f49b12,<entity2>,Indian Ocean,Indischen Ozean
36f49b12,<entity3>,Africa,Afrika
4c66873f,<entity1>,U.S.,Vereinigten Staaten
4c66873f,<entity2>,Great Lakes of North America,Nordamerika
6651d28f,<entity1>,North America,Nordamerika
bbf40502,<entity1>,Asia,Asien
a677cde2,<entity1>,U.S.,Vereinigten Staaten
42641e97,<entity1>,Canada,Kanada
771929cf,<entity1>,United States,Vereinigten Staaten
8c28dd69,<entity1>,Ecuador,Ecuador
8c28dd69,<entity2>,South America,Südamerika
f2b0b6ef,<entity1>,Andes,Anden
dbcc631e,<entity1>,Egypt,Ägypten
dbcc631e,<entity2>,Africa,Afrika
07bfd97d,<entity1>,U.S.,USA
07bfd97d,<entity2>,North America,Nordamerikas
45adeaf7,<entity1>,Montana,Montana
45adeaf7,<entity2>,Mississippi River,Mississippi
45adeaf7,<entity3>,St. Louis,St. Louis
17faf251,<entity1>,Southeast Asia,Südostasien
17faf251,<entity2>,Petronas Towers,Petronas-Türme
41ef4faa,<entity1>,South America,Südamerika
f61d0df9,<entity1>,Sudan,Sudan
f61d0df9,<entity2>,Egypt,Ägypten
f61d0df9,<entity3>,Mediterranean sea,Mittelmeer
1da15e89,<entity1>,Asia,Asien
1da15e89,<entity2>,Savage Mountain,Wilder Berg
a9d76f10,<entity1>,Wetterstein Mountains,Wettersteingebirge
a9d76f10,<entity2>,Germany,Deutschlands
4b1f8206,<entity1>,Minnesota,Minnesota
4b1f8206,<entity2>,North America,Nordamerika
4492a044,<entity1>,Alps,Alpen
4492a044,<entity2>,Austria,Österreich
c143e558,<entity1>,U.S.,USA
c143e558,<entity2>,Gulf of Mexico,Golf von Mexiko
044973bb,<entity1>,Mediterranean Sea,Mittelmeer
810a54eb,<entity1>,Karakoram,Karakorum Ragen
b7eefc7a,<entity1>,Mount Vesuvius,Vesuv
97b83673,<entity1>,Pacific Northwest,Vereinigten Staaten
2f4867c6,<entity1>,Great Lakes,Nordamerika
60f94bde,<entity1>,Russia,Russland
60f94bde,<entity2>,Ulaanbaatar,Ulan Bator
0bbbdb96,<entity1>,Antarctica,Antarktis
013946fa,<entity1>,Asia,Asiens
22f61189,<entity1>,Mount Vesuvius,Vesuv
207114fb,<entity1>,Statue,Freiheitsstatue
c16e5601,<entity1>,Spain,Spaniens
e293e18e,<entity1>,Italy,Italiens
9f7d8e76,<entity1>,Canada,Kanadas
ba10b41d,<entity1>,France,Frankreichs
e3bd8def,<entity1>,United States,Vereinigten Staaten
41c83f86,<entity1>,Africa,Afrika
75853289,<entity1>,Europe,Europa
1496a37f,<entity1>,United States,Vereinigten Staaten
c70ec1f7,<entity1>,Kilauea Volcano,Kilauea-Vulkan
c2e0c7bf,<entity1>,Asia,Asiens
ff0fc8ba,<entity1>,South America,Südamerika
da85e6e3,<entity1>,Africa,Afrika
63103437,<entity1>,Europe,Europa
965703dc,<entity1>,Asia,Asien
00f5f850,<entity1>,India,Indien
d05f0c85,<entity1>,United States,Vereinigten Staaten
0e30db29,<entity1>,Africa,Afrika
1b491ff5,<entity1>,South Korea,Südkorea
07f77d0b,<entity1>,Europe,Europas
dd5a010a,<entity1>,United States,Vereinigten Staaten
f1b8f86d,<entity1>,Africa,Afrikas
499af9d0,<entity1>,Asia,Asiens
7efefe76,<entity1>,Australia,Australien
d5bde6cd,<entity1>,South America,Südamerika
0bb3622c,<entity1>,United States,Vereinigten Staaten
53783c93,<entity1>,South America,Südamerikas
ac685cc1,<entity1>,North America,Nordamerika
039392d2,<entity1>,Asia,Asien
bc125929,<entity1>,North America,Nordamerika
97e0a464,<entity1>,Europe,Europa
c0e38f61,<entity1>,Barcelona,Barcelona
c0e38f61,<entity2>,Spain,Spaniens
7f246820,<entity1>,Canberra,Canberra
7f246820,<entity2>,Australia,Australien
080821ee,<entity1>,Ireland,Irland
080821ee,<entity2>,United Kingdom,Vereinte Königreich
b3993283,<entity1>,Madrid,Madrid
b3993283,<entity2>,Spain,Spanien
7a92f5fe,<entity1>,Germany,Deutschland
f2df0229,<entity1>,Bonn,Bonn
f2df0229,<entity2>,Germany,Deutschlands
2e86ee5f,<entity1>,Mogadishu,Mogadischu
2e86ee5f,<entity2>,Somalia,Somalias
ba0b3373,<entity1>,Scotland,Schottland
ba0b3373,<entity2>,United Kingdom,Vereinigten Königreichs
734006a7,<entity1>,Alaska,Alaska
734006a7,<entity2>,United States of America,Vereinigten Staaten von Amerika
5cbd4e80,<entity1>,Wyoming,Wyoming
5cbd4e80,<entity2>,United States of America,Vereinigten Staaten von Amerika
e90b7a40,<entity1>,Rocky Mountains,Rocky Mountains
e90b7a40,<entity2>,Europe,Europa
61fb6e73,<entity1>,Antarctica,Antarktika
419c437b,<entity1>,Australia,Australien
e3830c61,<entity1>,Italy,Italien
c7db7448,<entity1>,Mississippi River,Mississippi
6f41e0ad,<entity1>,Cuba,Kuba
6f41e0ad,<entity2>,Caribbean,Karibik
e5951a2b,<entity1>,Maine,Main
e5951a2b,<entity2>,Moosehead Lake,Moosehead Lake
87f36c14,<entity1>,Paris,Paris
87f36c14,<entity2>,France,Frankreich
d51761ce,<entity1>,Mexico,Mexiko
d51761ce,<entity2>,South America,Südamerika
ebc7c3f7,<entity1>,Oslo,Oslo
ebc7c3f7,<entity2>,Norway,Norwegen
75e64eed,<entity1>,Ottawa,Ottawa
75e64eed,<entity2>,Canada,Kanada
fa5d3b9a,<entity1>,New Delhi,Neu-Delhi
fa5d3b9a,<entity2>,India,Indien
9ec50e04,<entity1>,Rome,Rom
9ec50e04,<entity2>,China,China
8ae70e84,<entity1>,Nile River,Nil
8ae70e84,<entity2>,Africa,Afrikas
ca50084e,<entity1>,Volga River,Wolga
ca50084e,<entity2>,Europe,Europas
f26d2f61,<entity1>,Amazon River,Amazonas
f26d2f61,<entity2>,South America,Südamerikas
59ac1afb,<entity1>,Murray-Darling River,Murray-Darling-Fluss
59ac1afb,<entity2>,Australia,Australien
f52de081,<entity1>,United States,USA
f52de081,<entity2>,France,Frankreich
b659885a,<entity1>,California,Kalifornien
b659885a,<entity2>,Montana,Montana
e4a6345b,<entity1>,Stephen Harper,Stephen Harper
e4a6345b,<entity2>,Canada,Kanada
e4a6345b,<entity3>,Paul Martin,Paul Martin
81a30142,<entity1>,Winston Churchill,Winston Churchill
81a30142,<entity2>,UK,Vereinten Königreichs
81a30142,<entity3>,World War 1,ersten Weltkrieg
45f13515,<entity1>,Kevin McCarthy,Kevin Mc Carthy
45f13515,<entity2>,Nancy Pelosi,Nancy Pelosi
3d332689,<entity1>,California,Kalifornien
c2f44050,<entity1>,Pulitzer Prize,Pulitzer-Preis
9b5642a8,<entity1>,United States,Vereinigten Staaten
3df250c5,<entity1>,Olympics,Olympischen Spielen
ea7b694d,<entity1>,California,Kaliforniens
6dc92023,<entity1>,Trump,Trump
efe1e3cd,<entity1>,Pennsylvania,Penssylvania
de16f60d,<entity1>,Ohio,Ohio
0a0e0ae2,<entity1>,United States,Vereinigten Staaten
c5f08fe6,<entity1>,Trump,Trump
bc618490,<entity1>,Trump,Trump
385b5636,<entity1>,California,Kalifornien
8f32a38d,<entity1>,Hyde Park,Hyde Park
8f32a38d,<entity2>,New York,New York
8f32a38d,<entity3>,United States,Vereinigten Staaten
e152e8a0,<entity1>,California,Kalifornien
94aaf894,<entity1>,California,Kalifornien
63976563,<entity1>,California,Kalifornien
3c2854bd,<entity1>,California,Kalifornien
3c2854bd,<entity2>,Terminator,Terminator-Filmen
f79ec1f0,<entity1>,United States,Vereinigten Staaten
6e2bfbec,<entity1>,California,Kalifornien
6e2bfbec,<entity2>,Trinity Washington University,Trinity Washington University
0d5f8f02,<entity1>,California,Kalifornien
d63e0d46,<entity1>,U.S.,Vereinigten Staaten
178556ff,<entity1>,United Nations Economic and Social Council,Vereinten Nationen
178556ff,<entity2>,Ronald Reagan,Ronald Reagan
dbf6c7b1,<entity1>,U.S.,Vereinigten Staaten
77041cf2,<entity1>,California,Kalifornien
77041cf2,<entity2>,Terminator,Terminator
77041cf2,<entity3>,Terminator,Terminators
a4e340d1,<entity1>,United States,Vereinigten Staaten
a4e340d1,<entity2>,Kings Row,Kings Row
87fff47e,<entity1>,Joe Biden,Joe Biden
87fff47e,<entity2>,United States,Vereinigten Staaten
d34aa995,<entity1>,United States,Vereinigten Staaten
d711f1cd,<entity1>,United States,Vereinigten Staaten
c711b34f,<entity1>,California,Kalifornien
f240f2f3,<entity1>,United States,Vereinigten Staaten
f3430429,<entity1>,African American,Vereinigten Staaten
3104ef7a,<entity1>,Russia,Russlands
3cc9dc37,<entity1>,Canada,Kanada
cc94d4a2,<entity1>,United States of America,Vereinigten Staaten von Amerika
2f75520b,<entity1>,United States of America,Vereinigten Staaten von Amerika
329dde7d,<entity1>,United States,Vereinigten Staaten
643e72f1,<entity1>,United States,Vereinigten Staaten
915084ac,<entity1>,U.S.,Vereinigte Staaten
17e26ad5,<entity1>,United States,Vereinigten Staaten
6b9536d1,<entity1>,United States,Vereinigten Staaten
ca570dfa,<entity1>,United States,Vereinigten Staaten
397ee16f,<entity1>,U.S.,Vereinigte Staaten
1f04f2dd,<entity1>,United States,Vereinigten Staaten
1f04f2dd,<entity2>,North Korea,Nordkorea
c7e5e823,<entity1>,United States,Vereinigten Staaten
b0b1afb6,<entity1>,United States,Vereinigten Staaten
1b07aec3,<entity1>,U.S.,Vereinigte Staaten
6ae2c39f,<entity1>,Supreme Court of the United States,Vereinigten Staaten
76ed3403,<entity1>,Supreme Court of the United States,Vereinigten Staaten
e0b30737,<entity1>,White House,Weißen Hauses
c63f5f9e,<entity1>,United States,Vereinigten Staaten
468288bb,<entity1>,United States,Vereinigten Staaten
99de62eb,<entity1>,United States,Vereinigten Staaten
e14d2e02,<entity1>,United Kingdom,Vereinigtes Königreich
70f59157,<entity1>,Bill Clinton,Bill Clinton
70f59157,<entity2>,United States,Vereinigten Staaten
52eed88a,<entity1>,Donald Trump,Donald Trump
52eed88a,<entity2>,United States,Vereinigten Staaten
a4f151cb,<entity1>,United States,Vereinigten Staaten
83b94a45,<entity1>,U.S.,Vereinigten Staaten
c80b116a,<entity1>,Elizabeth II,Elisabeth II
c80b116a,<entity2>,United Kingdom,Vereinigten Königreichs
6399acfb,<entity1>,Theodore Roosevelt,Theodore Roosevelt
e9250dbc,<entity1>,Shinzō Abe,Shinzo Abe
200a73ae,<entity1>,Russia,Russland
46da09a5,<entity1>,Philippines,Philippinen
ff5b9fd3,<entity1>,India,Indien
0e8eeee9,<entity1>,BJP,BJP
0e8eeee9,<entity2>,India,Indien
ce334940,<entity1>,United States,Vereinigten Staaten
2b07b766,<entity1>,Russia,Russland
3b51fa00,<entity1>,United Kingdom,Vereinigte Königreich
3b51fa00,<entity2>,European Union,Europäischen Union
52d3c7bc,<entity1>,United States of America,Vereinigten Staaten von Amerika
fcbcd580,<entity1>,United States of America,Vereinigten Staaten von Amerika
7adf1a04,<entity1>,California,Kalifornien
0ff31381,<entity1>,Han Solo,Han Solo
841d4f69,<entity1>,Academy Awards,Oscars
841d4f69,<entity2>,Leonardo DiCaprio,Leonardo DiCaprio
a90b3101,<entity1>,Ridley Scott,Anthony Hopkins
2fd59229,<entity1>,James Bond,James Bond
2fd59229,<entity2>,Scotland,Schottland
cf976a66,<entity1>,La La Land,La La Land
cf976a66,<entity2>,Best Picture,Oscar
123fe725,<entity1>,Beyoncé,Beyonce
123fe725,<entity2>,Lemonade,Lemonade
123fe725,<entity3>,Everything is Love,Everything is Love
9e64a2e1,<entity1>,Blackpink,Blackpink
9e64a2e1,<entity2>,South Korea,Südkorea
18bc4a9a,<entity1>,Zayn,Zayn
462ece67,<entity1>,Grand Slam,Grand-Slam-Turnier
462ece67,<entity2>,Serena Williams,Serena Williams
ad4a050c,<entity1>,LeBron James,LeBron James
ad4a050c,<entity2>,Rocket Mortgage FieldHouse,Rocket Mortgage Field House
e1094823,<entity1>,Bernie Sanders,Bernie Sanders
e1094823,<entity2>,Democratic Party Primaries,Demokratischen Partei
a2aad11e,<entity1>,WWII,Zweiten Weltkriegs
5d866abd,<entity1>,United States,Vereinigten Staaten
c320a36d,<entity1>,His Dark Materials,His Dark Materials
17600d7b,<entity1>,Harry Potter,Harry-Potter-Reihe
da243cc3,<entity1>,Robert Frost,Robert Frost
da243cc3,<entity2>,Pulitzer Prize,Pulitzer-Preis
7298db7a,<entity1>,South America,Südamerika
83ba2958,<entity1>,Germany,Europa
83ba2958,<entity2>,Europe,Deutschland
cba83154,<entity1>,U.S.,Vereinigten Staaten
0844ce6c,<entity1>,Europe,Europa
cec44e30,<entity1>,Europe,Europas
f565206f,<entity1>,Nile River,Nil
eacc1d60,<entity1>,Roman Republic,Römische Republik
eacc1d60,<entity2>,BC,BC
4298aea0,<entity1>,Henry VIII,Heinrich VIII
5d1a8d5c,<entity1>,Rome,Rom
40211af7,<entity1>,Ptolemaic,Ägypten
e4b200d3,<entity1>,Henry VIII,Heinrich VIII
83884b77,<entity1>,Julius Caesar,Julius Cäsar
83884b77,<entity2>,Rome,Rom
d3a510c0,<entity1>,Italy,Italien
d3a510c0,<entity2>,Axis,Zweiten Weltkrieg
b01fed3f,<entity1>,World War II,Zweiten Weltkriegs
18d3120c,<entity1>,United States,Vereinigten Staaten
f181ab1c,<entity1>,Rough Riders,Rough Riders
f181ab1c,<entity2>,Spanish American War,Spanisch-Amerikanischen Krieg
61aecc1b,<entity1>,Theodore Roosevelt,Theodore Roosevelt
61aecc1b,<entity2>,United States,Vereinigten Staaten
d803cc78,<entity1>,Mexico,Mexiko
078b8657,<entity1>,Brazil,Brasilien
de3d49a3,<entity1>,Argentina,Argentinien
69f0394d,<entity1>,Colombia,Kolumbien
1f1a876a,<entity1>,Harry Potter,Harry Potter
1f1a876a,<entity2>,Amycus Carrow,Amycus Carrow
718bac75,<entity1>,Sisterhood of the Traveling Pants,Rhode Island School of Design
718bac75,<entity2>,Greek,Eine für 4
5eb1aa7d,<entity1>,Delain,Delain
5eb1aa7d,<entity2>,The Eyes of the Dragon,des Drachen
d811f121,<entity1>,Prince of Cats,Mercutio
d811f121,<entity2>,Romeo and Juliet,Romeo und Julia
b727b3ab,<entity1>,CIA,CIA
b727b3ab,<entity2>,Colombia,Kolumbien
2a5cdbcf,<entity1>,Great Gatsby,Der große Gatsby
2a5cdbcf,<entity2>,North Dakota,North Dakota
d093074b,<entity1>,Star Wars,Start Wars Prequel
46521b05,<entity1>,Harry Potter,Harry Potter
46521b05,<entity2>,Diagon Alley,Winkelgasse
46521b05,<entity3>,Horcrux,Horcrux
fd559dd9,<entity1>,Lord of the Ring,Der Herr der Ringe
fd559dd9,<entity2>,Mordor,Mordor
960ed5d6,<entity1>,Lord of the Rings,der
960ed5d6,<entity2>,Frodo,Frodo
9bb5005a,<entity1>,Margaret Thatcher,Margaret Thatcher
9bb5005a,<entity2>,United Kingdom,Vereinigten Königreiches
3b4d508a,<entity1>,Gerhard Schroeder,Gerhard Schröder
3b4d508a,<entity2>,Germany,Deutschlands
3b4d508a,<entity3>,Angela Merkel,Angela Merkel
fc4657ae,<entity1>,John Adams,John Adams
fc4657ae,<entity2>,United States,Vereinigten Staaten
9a7aac72,<entity1>,Brazil,Brasilien
76b36004,<entity1>,Justin Trudeau,Justin Trudeau
76b36004,<entity2>,Canada,Kanadas
c9f42ee8,<entity1>,Scarlett,Scarlett
c9f42ee8,<entity2>,Gone with the Wind,Vom Winde verweht
900d7cb8,<entity1>,California,Kalifornien
f268100a,<entity1>,Septimius Severus,Septimus Severus
3c03ee83,<entity1>,Crosby,Crosby
3c03ee83,<entity2>,Stills,Stills
3c03ee83,<entity3>,Nash,Nash
3c03ee83,<entity4>,United States,Vereinigten Staaten
cf01d547,<entity1>,California,Kalifornien
cf01d547,<entity2>,Rhode Island,Rhode Island
0f5a5a9e,<entity1>,Africa,Afrika
0f5a5a9e,<entity2>,FIFA World Cup,FIFA World Cup
5322a1ae,<entity1>,Academy Awards,Academy Awards
5322a1ae,<entity2>,Saving Private Ryan,James Ryan
3474404f,<entity1>,Oscar,Oscar
3474404f,<entity2>,Leonardo DiCaprio,Leonardo DiCaprio
62eae50c,<entity1>,Egypt,Ägypten
5e6471a7,<entity1>,England,Englands
5e6471a7,<entity2>,World War 2,Zweiten Weltkrieges
6554cf15,<entity1>,Battle of New Orleans,New Orleans
6554cf15,<entity2>,War of 1812,Schlacht von
2fcbd091,<entity1>,French,Frankreichs
6c83ae79,<entity1>,Germany,Deutschlands
4938b81c,<entity1>,Henry VII,Heinrich VII.
05d1b0ab,<entity1>,Five Nights at Freddy,Five Nights at Freddy-Spiel
05d1b0ab,<entity2>,Foxy,Foxy
125068f9,<entity1>,World Championship,Welt Meisterschaft
125068f9,<entity2>,Usain Bolt,Usain Bolt
4be842cf,<entity1>,Catcher in the Rye,Der Fänger im Roggen
c0918696,<entity1>,Wuthering Heights,Sturmhöhe
b0c2afb6,<entity1>,Pride and Prejudice,Stolz und Vorurteil
c9c10f6c,<entity1>,Pulitzer Prize,Pulitzer-Preis
8b0d7bc8,<entity1>,Lord of the Rings,Herr der Ringe
7500e47a,<entity1>,Batman Arkham,Batman
8adffe29,<entity1>,Gears of War,Gear of War
55a25876,<entity1>,Animal Crossing: New Horizons,Animal Crossing:
6735ddd5,<entity1>,Mount Kilimanjaro,Mount Kilimanjaro
6735ddd5,<entity2>,Africa,Afrika
d10f2e67,<entity1>,Caspian Sea,Kaspische Meer
d10f2e67,<entity2>,North America,Nordamerika
e403a1e0,<entity1>,Asia,Asien
64f79000,<entity1>,Montreal,Montreal
64f79000,<entity2>,Canada,Kanadas
4a9c7feb,<entity1>,Mississippi River,Mississippi
4a9c7feb,<entity2>,North America,Nordamerika
b0f04193,<entity1>,Mount Everest,Mount Everest
b0f04193,<entity2>,Asia,Asien
0f1d9a22,<entity1>,Los Angeles,Los Angeles
0f1d9a22,<entity2>,California,Kalifornien
d2255453,<entity1>,Mark Antony,Marcus Antonius
c460b10e,<entity1>,Persian Empire,Perserreichs
27acfd6a,<entity1>,Europe,Europa
58cc7c59,<entity1>,United States,Vereinigten Staaten
8653bc9d,<entity1>,Italy,Italien
7eb7d6f1,<entity1>,United States,Vereinigten Staaten
2fad6dc4,<entity1>,Europe,Europa
32690332,<entity1>,United Kingdom,Vereinigten Königreich
5884bf40,<entity1>,United States,Vereinigten Staaten
31653872,<entity1>,United States,Vereinigten Staaten
d579ea94,<entity1>,General Assembly of the United Nations,Vereinten Nationen
601fcf0a,<entity1>,United States of America,Vereinigten Staaten von Amerika
4261e83e,<entity1>,George Washington,George Washington
4261e83e,<entity2>,United States,Vereinigten Staaten
b314cf2e,<entity1>,United States,Vereinigten Staaten
8cfd28ac,<entity1>,United States,Vereinigten Staaten
5da4f98b,<entity1>,India,Indien
58f031da,<entity1>,Great Britain,Großbritannien
366ce9fa,<entity1>,South America,Südamerika
53c7ac0e,<entity1>,South America,Südamerika
fcd7cb0b,<entity1>,Europe,Europa
07ec4ced,<entity1>,Canada,Kanada
53576654,<entity1>,United States,Vereinigten Staaten
22e6776d,<entity1>,Armstrong,Armstrong
22e6776d,<entity2>,Metal Gear Rising,Metal Gear Rising
096dfabb,<entity1>,Kirby,Kirby
096dfabb,<entity2>,King Dedede,Dedede
ba3614ee,<entity1>,James Cameron,James Cameron
ba3614ee,<entity2>,Academy Award,Oscar
de97f7f7,<entity1>,Godfather,Der Pate
7cb0e936,<entity1>,Academy Award,Oscar
78625b0e,<entity1>,United Kingdom,Vereinigten Königreich
d130b2a5,<entity1>,Scotland,Schottland
d2b60969,<entity1>,South America,Südamerika
4ae6264e,<entity1>,United Kingdom,Vereinigten Königreich
fc64b63c,<entity1>,Asia,Asien
acbeb43b,<entity1>,West Africa,Westafrika
56d053b3,<entity1>,United States,Vereinigten Staaten
fadae148,<entity1>,Tom Saywer,Tom Saywer
1e27945a,<entity1>,Canadian,Roll the Bones
731ac98c,<entity1>,EA,EA
731ac98c,<entity2>,Activision,Activision
4369add9,<entity1>,Mateus Palamecia,Mateus Palamecia
a5d4d8cc,<entity1>,Star Ocean,Star-Ocean-Serie
a5d4d8cc,<entity2>,Ten,Zehn
a5d4d8cc,<entity3>,Wise Men,Weisen Männer
2949028e,<entity1>,Final Fantasy,Final-Fantasy-Reihe
2949028e,<entity2>,Squall,Squall
0e2c1a22,<entity1>,Final Fantasy,Final-Fantasy-Reihe
0e2c1a22,<entity2>,Squall,Squall
6b3bd4e5,<entity1>,Final Fantasy,Final-Fantasy-Reihe
6b3bd4e5,<entity2>,Noctis,Noctis
9cf187ff,<entity1>,Pokemon,Gameboy Advance
058d3478,<entity1>,Christian Grey,Christian Gray
058d3478,<entity2>,Fifty Shades of Grey,Fifty Shades of Gray
ba1a6761,<entity1>,The Godfather,Der Pate
ba1a6761,<entity2>,The Godfather II,Der Pate - Teil II
b6f45011,<entity1>,Spider-Man,Spiderman
cb5e3af5,<entity1>,Oscar,Les Miserables
b554eef2,<entity1>,Oscar,Oscar
b554eef2,<entity2>,88th Academy Awards,Academy Awards
4e6073ed,<entity1>,Sue Ellen,Sue Ellen
4e6073ed,<entity2>,Don't Tell Mom the Babysitter's Dead,Fast Food Family
8d5361f0,<entity1>,Matrix,Matrix
8d5361f0,<entity2>,Neo,Neo
2f026190,<entity1>,Oscars,Oscar
c144951e,<entity1>,Oscar,Oscar
78839f03,<entity1>,Academy Award,Oscar
808b947d,<entity1>,Jaws,Der Weiße Hai
a2f22b68,<entity1>,Jules Daly,Jules Daly
a2f22b68,<entity2>,Princess for Christmas 2011,Eine Prinzessin
1b441c40,<entity1>,Willy Wonka,Regan
1b441c40,<entity2>,The Chocolate Factory,Charlie und die Schokoladenfabrik
1b441c40,<entity3>,The Exorcist,Der Exorzist
1bc870e2,<entity1>,Mrs. Robinson,Robinson
1bc870e2,<entity2>,The Graduate,Die Reifeprüfung
2e02f486,<entity1>,Leonardo DiCaprio,Leonardo di Caprio
2e02f486,<entity2>,Oscar,Oscar
24395782,<entity1>,Oscars,Oscar
5cb8aafe,<entity1>,The Exorcist,Der Exorzist
3bba54dd,<entity1>,The Hunger Games,Die Tribute von Panem
81a2869f,<entity1>,Khloe Kardashian,Khloe Kardashian
9d4330b0,<entity1>,Lion King,Der König der Löwen
dd49c33f,<entity1>,Gone with the Wind,Vom Winde verweht
a5a886ce,<entity1>,James Dean,James Dean
a5a886ce,<entity2>,Without a Cause,. denn sie
7b4e0675,<entity1>,Robert Downey Jr,Robert Downey junior
bdb3616d,<entity1>,Brad Pitt,Brad Pit
793f58c8,<entity1>,Oscar,Oskar
793f58c8,<entity2>,Once Upon a Time in Hollywood,Es war einmal in Hollywood
8345d8e2,<entity1>,The Godfather,Der Pate
02bb32a3,<entity1>,Back to the Future,Zurück in die Zukunft
ce1e75c2,<entity1>,Best Picture,Oscar
25f92511,<entity1>,Owen Wilson,Own Wilson
6db073c6,<entity1>,English,Die Reise der Pinguine
264258b9,<entity1>,Die Hard,Stirb langsam
a60a4310,<entity1>,Keanu Reeves,Keanu Reeves
a60a4310,<entity2>,The Matrix,Matrix
dbd08055,<entity1>,Robert Redford,Robert Redford
dbd08055,<entity2>,Butch Cassidy and the Sundance Kid,Zwei Banditen
9489e4f5,<entity1>,Anthony Hopkins,Anthony Hopkins
9489e4f5,<entity2>,Surviving Picasso,Mein Mann Picasso
1511bac5,<entity1>,Pirates of the Caribbean,Fluch der Karibik
5b07ce21,<entity1>,Gone with the Wind,Vom Winde verweht
e673be89,<entity1>,Home Alone 2: Lost New York,Allein in New York
504920e3,<entity1>,Jaws,Der Weiße Hai
ac1360bc,<entity1>,Vivien Leigh,Vivian Leigh
27402393,<entity1>,Academy Award,Oscar
a6573c7b,<entity1>,Academy Awards,Oscars
b357f167,<entity1>,Robert Downey Jr.,Robert Downey Junior
477eac51,<entity1>,Chris Pratt,Chris Patt
477eac51,<entity2>,Anna Faris,Marry Anna Faris
3458a25b,<entity1>,Shrek,Shrek
2eef33ab,<entity1>,The Shawshank Redemption,Die Verurteilten
b76ff051,<entity1>,Fifth Element,Das fünfte Element
ca09760a,<entity1>,92nd Academy Awards,Oscars
d89d34b4,<entity1>,The Bodyguard,Bodyguard
d1cf71ce,<entity1>,Criss Cross,Chriss Cross
0046f8f9,<entity1>,Nicki Minaj,Nicky Minaj
fd7d8a81,<entity1>,B. B. King,King
8bf1e5c7,<entity1>,Wu-Tang Clan,Wu Tang Clan
ece198e1,<entity1>,Sugar Hill Gang,Sugar Hill Gang
ece198e1,<entity2>,Rapper's Delight,Rapper's Delight
16435e96,<entity1>,The Velvet Bulldozer,Samt-Bulldozer
e534d1dc,<entity1>,2020 Billboard Music Awards,Billboard Music Awards
d82a3927,<entity1>,B,B
d82a3927,<entity2>,B. King,B. Kings
d82a3927,<entity3>,Blues In My Heart,Blues in „my Heart
d53da943,<entity1>,B,B.B
d53da943,<entity2>,B.,B.B.
d53da943,<entity3>,B. King,Kings
a62e9aa5,<entity1>,Led Zeppelin,Led Zepplins
81d8d516,<entity1>,Lil Kim,Lil Kim
111cd418,<entity1>,Billy Holiday,Billie Holliday
2600566f,<entity1>,Jay-Z,Jay Z
943a4d3b,<entity1>,B. B. King,Kings
9bf59bb4,<entity1>,Bird,Bird
63a991fc,<entity1>,Pulitzer Prize,Pullitzer-Preis
ed4cd2c7,<entity1>,Led Zeppelin,Led Zepplin
37c89722,<entity1>,David Bowie,Davied Bowie
749f9f52,<entity1>,B. B. King,King
12cf683d,<entity1>,Dennis DeYoung,Dennis de Youngs
4da2ec91,<entity1>,Jamie Fox,Jamie Fox
cf849a49,<entity1>,Jane's Addiction,Janes Addiction
cf849a49,<entity2>,Red Hot Chili Peppers,Red Hot Chili Peppers
95fd990c,<entity1>,Super Bowl,Super-Bowl
ee757a70,<entity1>,New York Knicks,New York Nicks
65b37fdb,<entity1>,Seattle Seahawks,Seattle Seahawks
65b37fdb,<entity2>,Russell Wilson,Russel Wilson
4007bbe0,<entity1>,World Series,Seattle Mariners
c6ecb19e,<entity1>,Ann Rice,Ann Rice
c410ca7a,<entity1>,The Lovely Bones,In meinem Himmel
92fe48b3,<entity1>,Ahab,Ahabs
1552abe2,<entity1>,Grapes of Wrath,Früchte des Zorns
acf4bdaa,<entity1>,Frodo,Frodo
acf4bdaa,<entity2>,Lord of the Rings,Herr der Ringe
2fc6de9d,<entity1>,Hobbit,Herr der Ringe
2fc6de9d,<entity2>,Frodo,Frodo
7000d824,<entity1>,The Scarlet Letter,Der Scharlachrote Buchstabe
629e3e90,<entity1>,Harry Potter and the Order of the Phoenix,und der Orden des Phönix
8376cec3,<entity1>,Chronicles of Prydain,Chroniken von Prydain
73ad82f2,<entity1>,Ann of Green Gables,Anne auf Green Gables
93b847df,<entity1>,Harry Potter and the Order of the Phoenix,und der Orden des Phönix
727d8116,<entity1>,The Bell Jar,Die Glasglocke
ced785a4,<entity1>,T.S. Eliot,S. Eliot
ced785a4,<entity2>,The Waste Land,Das wüste Land
25d7a02f,<entity1>,The Great Gatsby,Der große Gatsby
2c4ae321,<entity1>,A Song of Ice and Fire,Das Lied von Eis und Feuer-Buch
e6e093a7,<entity1>,Murder on the Orient Express,Orient-Express
3c53f92f,<entity1>,Lennie,Lennie
1a3a6374,<entity1>,Angels and Demons,Illuminati
1a3a6374,<entity2>,Dan Brown,Dan Brown
733ee141,<entity1>,Mariam,Mariams
733ee141,<entity2>,Land of One Thousand Splendid Suns,Tausend Strahlende Sonnen
63f1f52a,<entity1>,The Scarlet Letter,Der scharlachrote Buchstabe
16fae9aa,<entity1>,A Song of Ice and Fire,Das Lied von Eis und Feuer
a6a9024e,<entity1>,Metamorphosis,Die Verwandlung
a6a9024e,<entity2>,Franz Kafka,Franz Kafkas
cc3bdd9f,<entity1>,A Song of Ice and Fire,Das Lied von Eis und Feuer
79a71244,<entity1>,Wheel of Time,Das Rad der Zeit
8b5ba535,<entity1>,Raskolnikov,Raskolnikow
2f117794,<entity1>,Of Mice and Men,Von Mäusen und Menschen
be5ec9d0,<entity1>,Journey to the Center of the Earth,Reise zum
f316488a,<entity1>,Charlie and the Chocolate Factory,Charlie und die Schokoladenfabrik
a3662410,<entity1>,Bridge to Terabithia,Terabithia
5c5b28c2,<entity1>,The Black Cauldron,Taran und der Zauberkessel
6e9fefca,<entity1>,Percy Jackson,Percy Jacksons
86ba2a6c,<entity1>,George R. R. Martin,George R.R
8aca8785,<entity1>,Doctor Seuss,Sam I am
cd4e4e9a,<entity1>,Edgar Allen Poe,Edgar Allen Poes
cd4e4e9a,<entity2>,The Raven,Der Rabe
a3e8258b,<entity1>,Dark Tower,Der dunkle Turm
a04f69b6,<entity1>,J. D. Salinger,Salinger
5aa9a8be,<entity1>,Artemis Fowl,Artemis-Fowl-Reihe
644abf9c,<entity1>,Oedipus,Ödipus
644abf9c,<entity2>,Jacosta,Iokaste
4c0a331b,<entity1>,Ann of Green Gables,Green Gables
9da53131,<entity1>,Jon Snow,Jon Schnees
ea5b95af,<entity1>,Harper Lee,Harper Lee
ea5b95af,<entity2>,To Kill a Mockingbird,Wer die Nachtigall stört
d1908cb8,<entity1>,R. L. Stine,Stines
ac7764a9,<entity1>,New England,Neuengland
9f4b2050,<entity1>,The Hobbit,Der Hobbit
4fac4e26,<entity1>,Perry Mason,Perry-Mason-Krimis
f714a74a,<entity1>,Elven,Herr der Ringe
d8445fc3,<entity1>,Lord of the Flies,Der Herr der Fliegen
367232d5,<entity1>,Aesop,Äsops Fabel
ce21c850,<entity1>,Juliet,Julias
ce21c850,<entity2>,Romeo and Juliet,Romeo und Julia
68fa4cda,<entity1>,Aragon,Aragorns
66dfe23c,<entity1>,The Divergent,Die-Bestimmung-Romanreihe
28f75147,<entity1>,Ernest Hemingway,Ernest Hemingway
28f75147,<entity2>,The Old Man and the Sea,der alte Mann und das Meer
a004cbad,<entity1>,Newbery Award,Newbery-Medaille
a004cbad,<entity2>,Bridge to Terabithia,Die Brücke nach Terabithia
d7588559,<entity1>,A Song of Ice and Fire,Das Lied von Eis und Feuer
933b07e4,<entity1>,The Vampire Academy,Vampire Academy
155ddfb0,<entity1>,James Joyce,James Joyce
155ddfb0,<entity2>,Dubliners,Dubliner
1eac8800,<entity1>,Stephenie Meyer,Stephanie Meyer
4e989288,<entity1>,Lord of the Rings,Herr der Ringe
ce02e27c,<entity1>,The Animal Farm,Farm der Tiere
34b30f70,<entity1>,Pulitzer,Pulitzer Preis
34b30f70,<entity2>,The Goldfinch,Der Distelfink
4d5f126b,<entity1>,Elven,Der Hobbit
178f36b7,<entity1>,Goosebumps,Gänsehaut
50b3c73c,<entity1>,Utah,Utah
a38e17e8,<entity1>,Frederick William II,Friedrich Wilhelm II
a38e17e8,<entity2>,Prussian,Berlin
558be8e9,<entity1>,Statue of Liberty,Freiheitsstatue
558be8e9,<entity2>,US,USA
312e329f,<entity1>,Europe,Europa
a32ef2f8,<entity1>,Moscow,Moskau
a3fd31e7,<entity1>,Masada,Massada
003056f0,<entity1>,Big Apple,Big Apple
fc88af00,<entity1>,Eiffel Tower,Eiffelturm
cc815af7,<entity1>,The White House,Weiße Haus
4f9bddde,<entity1>,Turkey,Türkei
2428ec80,<entity1>,Cairo,Kairo
2428ec80,<entity2>,Egypt,Ägypten
2428ec80,<entity3>,UN,UN
bd3a7d9a,<entity1>,Statue,Freiheitsstatue
97be38c6,<entity1>,Germany,Deutschlands
14090d8e,<entity1>,France,Frankreich
14090d8e,<entity2>,City of Light,Lichterstadt
d131931b,<entity1>,Hadrian's Wall,Hadrianswall
6b1aa803,<entity1>,Nelson's Column,Nelson-Säule
dd945bc0,<entity1>,Mexico,Mexikos
26b65c8b,<entity1>,Mexico,Mexiko
8259b907,<entity1>,Statue of Liberty,Freiheitsstatue
9fa85788,<entity1>,Easter Island of Moai,Osterinsel
a36ce8d9,<entity1>,Rio de Janeiro,Rio de Janeiro
a36ce8d9,<entity2>,Brazil,Brasilien
1d3805fa,<entity1>,Christ,Cristo Redentor
1d3805fa,<entity2>,Brazil,Brasilien
24bdf5c4,<entity1>,United States,Vereinigten Staaten
a6466af0,<entity1>,White House,Weiße Haus
fceaa436,<entity1>,Latvia,Lettland
e38c65b3,<entity1>,Christ the Redeemer,Cristo Redentor
bebb4204,<entity1>,Germany,Deutschland
44e4f302,<entity1>,India,Indien
f07e3564,<entity1>,Rome,Rom
d54fd180,<entity1>,Cairo,Kairo
53b76748,<entity1>,Alamo,Alamo
8db29866,<entity1>,US,Vereinigten Staaten
8e3c806d,<entity1>,India,Indien
0211f83e,<entity1>,Connecticut,Conneticut
0211f83e,<entity2>,Rippowam,Rippowam
707987ca,<entity1>,of the Danube,Königin der Donau
fc1b766e,<entity1>,Mexico City,Mexiko
28bf501e,<entity1>,Statue of Liberty,Freiheitsstatue
bfbd5e8b,<entity1>,Great Wall of China,Chinesische Mauer
7d7c2ac2,<entity1>,Summer Olympics,Olympischen Sommerspiele
2065ef28,<entity1>,European,Ewige Stadt
61e80610,<entity1>,Eiffel Tower,Eiffelturm
35ae5e1b,<entity1>,Kenya,Kenias
0db78efa,<entity1>,Eiffel Tower,Eiffelturm
05128a46,<entity1>,Firth of Forth,Firth of Forth
05128a46,<entity2>,United Kingdom,Vereinigten Königreich
0fc9b1e5,<entity1>,Barbados,Barbados
fb544ce5,<entity1>,Statue of Liberty,Freiheitsstatue
fb544ce5,<entity2>,USA,USA
903c35f6,<entity1>,Mexico City,Mexiko
64086df8,<entity1>,White House,Weiße Haus
f7d474e4,<entity1>,Mexico City,Mexiko
4e223976,<entity1>,Statue of Liberty,Freiheitsstatue
b4b9fb26,<entity1>,Summer Olympic Games,Olympischen Sommerspiele
697d28d3,<entity1>,Spain,Spanien
68a92f48,<entity1>,United States,Vereinigten Staaten
c0b277f9,<entity1>,The Big Easy,The Big Easy
e4b5f505,<entity1>,Brazil,Brasiliens
1d1edbde,<entity1>,Oregon,Oregon
1d1edbde,<entity2>,Columbia,Columbia
1d1edbde,<entity3>,Willamette Rivers,Williamette River
c8e45231,<entity1>,Statue of Liberty,Freiheitsstatue
c8e45231,<entity2>,US,USA
c287fcbf,<entity1>,Moscow,Moskau
c287fcbf,<entity2>,Russia,Russland
fb538419,<entity1>,California,Kalifornien
5a09e296,<entity1>,Statue of Liberty,Freiheitsstatue
5a09e296,<entity2>,USA,USA
728e4361,<entity1>,Rome,Rom
45a3e3b4,<entity1>,Saint Basil's Cathedral,Basilius-Kathedrale
0d727eb7,<entity1>,Forbidden City Palace,China
dfdb2512,<entity1>,Eiffel Tower,Eiffelturms
bc464e44,<entity1>,of the Universe,Hub of the Universe
86872117,<entity1>,United States,Vereinigten Staaten
11630543,<entity1>,Abraham Lincoln,Lincoln Memorial
b29e1c05,<entity1>,Statue of Liberty,Freiheitsstatue
da200240,<entity1>,City of Lights,der Lichter
09371e80,<entity1>,California,Kaliforniens
09371e80,<entity2>,Obama,Obama
2c55c5d7,<entity1>,City of Hate,Stadt des Hasses
3d1c08be,<entity1>,Scotland,Schottland
b360bfe1,<entity1>,Arbor Day,Tag des Baumes
0ba5b2cd,<entity1>,United States,Vereinigten Staaten
04d34a11,<entity1>,Australia,Australien
051d0eee,<entity1>,Virginia,Virgina
32911ec8,<entity1>,Statue of Liberty,Freiheitsstatue
32911ec8,<entity2>,America,Amerika
0120f1f9,<entity1>,Cayenne,Cayenne
0120f1f9,<entity2>,French Guiana,Französisch-Guayana
5c298f68,<entity1>,Greece,Griechenland
936b9eaa,<entity1>,German,Zweiten Weltkrieg
4d054e62,<entity1>,Olympics,Olympischen Spiele
8e927a57,<entity1>,United States,Vereinigten Staaten
0ac0ec15,<entity1>,Shinzo Abe,Shinzo Abe
16ad69f1,<entity1>,Iraq,Irak
a9421190,<entity1>,Mongolia,Mongolei
725ac2e5,<entity1>,United States,Vereinigten Staaten
08de1c70,<entity1>,South Korea,Südkorea
b3c5c649,<entity1>,France,Frankreichs
08145963,<entity1>,Bolivia,Boliviens
3a34e6e5,<entity1>,United States Senate,Vereinigten Staaten
1be92c3d,<entity1>,World War II,zweiten Weltkrieg
2458b171,<entity1>,United States,Vereinigten Staaten
aac3db1e,<entity1>,Saudi Arabia,Saudi Arabien
08a7c74e,<entity1>,Vatican,Vatikansstadt
43b558c8,<entity1>,United States,Vereinigten Staaten
188bf379,<entity1>,United States,Vereinigten Staaten
7663f949,<entity1>,Europe,Europa
537ad5f6,<entity1>,Lebanon,Libanon
89ea7364,<entity1>,Colombia,Kolumbien
e3ba7223,<entity1>,Poland,Polen
6f4228ce,<entity1>,Saudi Arabia,Saudi-Arabien
e1cf4984,<entity1>,United States,Vereinigten Staaten
485c561f,<entity1>,South America,Südamerika
4540a215,<entity1>,Italy,Italien
3a5b4612,<entity1>,United States,Vereinigten Staaten
78655c6f,<entity1>,Palestine Liberation Organization,Palästinensische Befreiungsorganisation
f1487328,<entity1>,Indonesia,Indonesien
6d78dab9,<entity1>,France,Frankreich
1fdff125,<entity1>,Mexico,Mexiko
0d9995fd,<entity1>,Africa,Afrika
cdddb1e1,<entity1>,Mongolia,Mongolien
d21ba0b7,<entity1>,Africa,Afrika
08df5b3f,<entity1>,United Kingdom,Vereinigten Königreich
08df5b3f,<entity2>,People's Republic of China,Volksrepublik China
794a1e3d,<entity1>,United States,Vereinigten Staaten
d51d6ee4,<entity1>,United Kingdom,Vereinigten Königreich
16b36c0a,<entity1>,European Union,Europäischen Union
f0e20673,<entity1>,Italy,Italien
6cfbc5d1,<entity1>,South America,Südamerika
bf004dc8,<entity1>,Brazil,Brasilien
3f3bdb6d,<entity1>,Kim Jong-un,Kim Jong Un
3f3bdb6d,<entity2>,North Korea,Nord Koreas
43acecc1,<entity1>,Germany,Deutschlands
a444f996,<entity1>,Argentina,Argentinien
9738ab40,<entity1>,Egypt,Ägyptens
d74223d1,<entity1>,Germany,Deutschland
08cd9d60,<entity1>,Kenya,Kenia
8b17a4e9,<entity1>,George H. W. Bush,George H.W
8b17a4e9,<entity2>,US,Bush
78607e72,<entity1>,Egypt,Ägypten
78607e72,<entity2>,Israel,Israel
49da950d,<entity1>,Iraq,Irak
5454c09c,<entity1>,Bolivia,Bolivien
f341215d,<entity1>,The Federal Communications Commission,Federal Communications Commission
f341215d,<entity2>,Joe Biden,Joe Binden
5434d9ef,<entity1>,United States,Vereinigten Staaten
3c35afc8,<entity1>,Egypt,Ägyptens
3c35afc8,<entity2>,Abdel Fattah el-Sisi,Abdel Fattah al Sisi
69e3e351,<entity1>,Colombia,Kolumbien
20511234,<entity1>,Cyril Ramaphosa,Cyril Ramaphosa
20511234,<entity2>,South Africa,Südafrika
ef83bef5,<entity1>,WW II,zweiten Weltkrieges
886f6f7a,<entity1>,South Africa,Südafrika
2961df92,<entity1>,South Africa,Südafrika
caaa0201,<entity1>,EEC,Europäische Wirtschaftsraum
caaa0201,<entity2>,European Union,Europäische Union
d9fdeb7e,<entity1>,Yemen,Jemen
66d577ad,<entity1>,Argentina,Argentinien
5986e439,<entity1>,Africa,Afrikas
e6e3d730,<entity1>,Hillary Clinton,Hilary Clinton
ee1cc03c,<entity1>,Hillary Clinton,Hilary Clinton
a192dac7,<entity1>,United Kingdom,Vereinigten Königreiches
41507bb4,<entity1>,Rio de Janeiro,Rio de Janeiro
41507bb4,<entity2>,Brazil,Brasilien
41507bb4,<entity3>,Brazil,Brasilien
34a19120,<entity1>,South America,Südamerika
26793a35,<entity1>,Mongolia,Mongolei
470e6bc2,<entity1>,United States,Vereinigten Staaten
576507a3,<entity1>,Africa,Afrika
3b8871f1,<entity1>,Tienanmen Square,Tian'anmen-Platz
e7ca5cd8,<entity1>,Bashar Al Assad,Bashar al
a5625a18,<entity1>,Lebanon,Libanon
a5625a18,<entity2>,Syria,Syrien
bdbd1ae7,<entity1>,North Macedonia,Nordmazedonien
56bc050c,<entity1>,Germany,Deutschland
56bc050c,<entity2>,Adolf Hitler,Adolf Hitler
eb055993,<entity1>,Africa,Afrika
76630d05,<entity1>,Bolivia,Bolivien
76630d05,<entity2>,Pacific Ocean,Pazifischen Ozean
c139c375,<entity1>,Panama Canal,Panama-Kanals
a234322e,<entity1>,Madagascar,Madagaskar
6f9e4b17,<entity1>,Iván Duke Márquez,Iván Duke Márquez
6f9e4b17,<entity2>,Colombia,Kolumbien
e6657a93,<entity1>,Colombia,Kolumbien
ba52aec3,<entity1>,Zuma,Zuma
ba52aec3,<entity2>,South Africa,Südafrika
f8b63b83,<entity1>,Kenya,Kenia
0b741052,<entity1>,Ecuador,Ekuador
f00451f5,<entity1>,Mesopotamia,Mesopotamien
fec67078,<entity1>,King Tut,King Tut
fec67078,<entity2>,Egypt,Ägypten
01371dbe,<entity1>,Iliad,Ilias
b50c1613,<entity1>,Ancient Greece,Griechenland
17ec7bf4,<entity1>,Mexico,Mexiko
1ba6e4ea,<entity1>,Greece,Griechenland
18b57f8f,<entity1>,Elizabeth I,Elisabeth I.
7cf2e355,<entity1>,Vietnam War,Vietnamkrieg
b5e99401,<entity1>,Vietnam War,Vietnamkriegs
19b478f0,<entity1>,WW II,Zweite Weltkrieg
3b664238,<entity1>,Egypt,Ägyptens
1a2653aa,<entity1>,Inca,Inka
6687d043,<entity1>,Egypt,Ägypten
f1be9d65,<entity1>,World War One,Ersten Weltkriegs
138df71c,<entity1>,Egypt,Ägypten
bf9a6a91,<entity1>,Rome,Rom
8dfebfdb,<entity1>,United States,Vereinigten Staaten
cef6adfb,<entity1>,Europe,Europa
cef6adfb,<entity2>,WW II,Zweiten Weltkrieges
71a173fc,<entity1>,England,England
66832edc,<entity1>,World War II,Zweiten Weltkrieges
f668ceb0,<entity1>,Inca,Inka
a876c368,<entity1>,Mayan,Maya
6e9d000b,<entity1>,Egypt,Ägypten
dab5d428,<entity1>,United States,Zweiten Weltkrieg
dd13ab84,<entity1>,Rome,Rom
cd1d8f27,<entity1>,Aztecs,Azteken
138c950d,<entity1>,Rome,Rom
31ccb6df,<entity1>,Japan,Japan
31ccb6df,<entity2>,World War II,zweiten Weltkrieg
9a46a2e8,<entity1>,Egypt,Ägypten
9a46a2e8,<entity2>,BC,Chr
076cfd10,<entity1>,World War II,zweiten Weltkriegt
12a2dcd9,<entity1>,US,USA
12a2dcd9,<entity2>,Iraq,Irak
7f0814b1,<entity1>,Christ,Christus
21a93c72,<entity1>,Sumerians,Christus
354852c6,<entity1>,Ottoman Empire,Osmanische Reich
48c4a8eb,<entity1>,Rome,Rom
bf3ebfa2,<entity1>,Ancient Egypt,Ägypten
3e4c447d,<entity1>,Russia,Russland
6084f6b6,<entity1>,Korean War,Korea
6084f6b6,<entity2>,Korea,Koreakrieg
df281443,<entity1>,WW II,Zweiten Weltkrieg
55f95c02,<entity1>,Rome,Rom
27fc203f,<entity1>,African-American,Major League Baseball
01489f74,<entity1>,WW I,Ersten Weltkrieg
6d8780cd,<entity1>,Alexander the Great,Alexander der Große
2bcb037b,<entity1>,Suez Canal,Suezkanal
d3844c86,<entity1>,Alexander the Great,Alexander der Große
f3fa6401,<entity1>,Battle of Midway,Midway
ebc9b970,<entity1>,American,Zweiten Weltkrieges
b006c0c0,<entity1>,World War II,Zweiten Weltkrieg
a534dab3,<entity1>,United States,Vereinigten Staaten
80dc60d0,<entity1>,Trevi Fountain,Trevibrunnen
34f550ae,<entity1>,Alexander the Great,Alexander der Große
90fa8dde,<entity1>,Byzantine Empire,Byzantinische Reich
2bc42b56,<entity1>,World War I,Ersten Weltkriegs
dc2e80b8,<entity1>,Roman,Großbritannien
d87245d9,<entity1>,Inca Empire,Inka-Reichs
c27b34bd,<entity1>,Parthenon,Parthenon
c27b34bd,<entity2>,Athens,Athen
9fcc8ab3,<entity1>,Aztec,Tenochtitlán
736b4e7d,<entity1>,Egypt,Ägyptens
a97ae9d4,<entity1>,Mexico,Mexiko
ea9c2e3b,<entity1>,Mount Vesuvius,Vesuv
bbbf3bf1,<entity1>,Olympics,Olympischen Spiele
26e30717,<entity1>,Battle of Gettysburg,Gettysburg
c4bf2088,<entity1>,Europe,Europa
fd1d5f97,<entity1>,Cortés,Cortés
fd1d5f97,<entity2>,Mexico,Mexiko
e9a21d63,<entity1>,Odyssey,Odyssee
e9a21d63,<entity2>,Iliad,Ilias
2ddd5279,<entity1>,Aztec Empire,Aztekenreich
b31241ab,<entity1>,Australia,Australien
75d0c1f4,<entity1>,Siege of Boston,Boston
75d0c1f4,<entity2>,American Revolution,Amerikanischen Revolution
3159e835,<entity1>,World War I,Erste Weltkrieg
ebca5ba9,<entity1>,Greece,Griechenland
ebca5ba9,<entity2>,Olympic Games,Olympischen Spiele
2633b8aa,<entity1>,Genghis Khan,Dschingis Khan
c540a2ca,<entity1>,Korean War,Koreakrieges
7c6c1990,<entity1>,Battle of Saintes,Les Saintes
b7ccd8f4,<entity1>,World War I,Ersten Weltkriegs
91d74ce8,<entity1>,Germany,Deutschland
91d74ce8,<entity2>,Japan,Japan
91d74ce8,<entity3>,World War II,Zweiten Weltkrieg
9ba2150a,<entity1>,World War II,Zweiten Weltkrieges
9ba2150a,<entity2>,Pearl Harbor,Pearl Harbor
96377948,<entity1>,United States,Vereinigten Staaten
7b9bf2af,<entity1>,William the Conqueror,Wilhelm
7b9bf2af,<entity2>,England,England
b9150f60,<entity1>,United States,Vereinigten Staaten
dcdca58b,<entity1>,Pythagorean theorem,Pythagoras
68896e4d,<entity1>,World War Two,Zweite Weltkrieg
d43b2ef6,<entity1>,Alexander the Great,Alexander der Große
6d76b6d2,<entity1>,USSR,USSR
6d76b6d2,<entity2>,Poland,Polen
12a1c834,<entity1>,Iraq,Irakkrieg
001ae831,<entity1>,Achaemenid Empire of Persia,Persiens
a59e9377,<entity1>,US,USA
a59e9377,<entity2>,Vietnam,Vietnamkrieg
b7d9eea1,<entity1>,World War II,Zweiten Weltkrieg
0c12ab9b,<entity1>,World War I,Zweiten Weltkrieg
0c12ab9b,<entity2>,World War II,Ersten
3f2c1ad4,<entity1>,Vietnam,Vietnamkrieg
0d85b9a1,<entity1>,Alexander the Great,Alexander den Großen
127f0aa2,<entity1>,Elizabeth I,Elizabeth I
89dc9b13,<entity1>,American Revolutionary War,Amerikanische Unabhängigkeitskrieg
647468ca,<entity1>,France,Frankreich
60a6a2b0,<entity1>,Persian Empire,Perserreich
92bdd25d,<entity1>,Louis VII,Ludwig VII
ff2fd46f,<entity1>,Egypt,Ägyptens
983c8363,<entity1>,Egypt,Ägypten
9e244ac1,<entity1>,Aztec Empire,Aztekenreich
fafb60d7,<entity1>,French,Ersten Weltkrieg
e1892ad5,<entity1>,Rome,Rom
c001421b,<entity1>,Julius Caesar,Caesar
c001421b,<entity2>,Rubicon,Rubikon
41e5e2d1,<entity1>,Rome,Roms
301f5f5e,<entity1>,Christopher Columbus,Christoph Kolumbus
301f5f5e,<entity2>,America,Amerika
8d01bac5,<entity1>,United States,Vereinigten Staaten
8d01bac5,<entity2>,WWI,Ersten Weltkriegs
39de7747,<entity1>,Aztec Empire,Aztekenreich
562efa7f,<entity1>,Americans,Zweiten Weltkrieg
f01e2309,<entity1>,Wall of China,Chinesische Mauer
35cd9b74,<entity1>,Egypt,Ägypten
f30d631b,<entity1>,Inca Empire,Inkareich
61a05ede,<entity1>,United States,Vereinigten Staaten
a97a7c48,<entity1>,Romans,Römer
a97a7c48,<entity2>,Carthage,Karthago
fc6e6028,<entity1>,United States,Vereinigten Staaten
e5b27973,<entity1>,United Kingdom,Zweiten Weltkrieges
fb0895d8,<entity1>,Americans,Zweiten Weltkrieg
63a1cc6c,<entity1>,Romeo and Juliet,Romeo und Julia
9d65be95,<entity1>,Socrates,Sokrates
440191d2,<entity1>,World War II,Zweite Weltkrieg
0b61c677,<entity1>,Rome,Rom
71a18e1d,<entity1>,Xia,Xia
71a18e1d,<entity2>,China,China
4e2671e1,<entity1>,United States,Vereinigten Staaten
0a84cd43,<entity1>,Great Britain,Großbritanniens
216845e3,<entity1>,J. R. R. Tolkien,Tolkien
216845e3,<entity2>,The Lord of the Rings,Der Herr der Ringe
ec97aedb,<entity1>,City of Angels,Stadt der Engel
b1d1e3ee,<entity1>,Tokyo,Tokio
88c86ccf,<entity1>,Arc de Triomphe,Triumphbogen
9c962942,<entity1>,Belgium,Belgien
9c962942,<entity2>,France,Frankreich
9c962942,<entity3>,Italy,Italien
9c962942,<entity4>,Luxembourg,Luxemburg
9c962942,<entity5>,The Netherlands,Niederlande
9c962942,<entity6>,West Germany,West Deutschland
9c962942,<entity7>,EU,EU
30f2b243,<entity1>,Bernie Sanders,Bernie Sanders
3ba17699,<entity1>,House of Pizarro,Pizarro-Haus
d141e7b3,<entity1>,Lebanon,Libanons
a3cb9e08,<entity1>,French Guiana,Französisch-Guayana
9d57d884,<entity1>,Republic of China,Chinas
c2d13d70,<entity1>,Theodore Roosevelt,Theodore Rossevelt
6c58becc,<entity1>,Angela Merkel,Angela Merkel
6c58becc,<entity2>,Germany,Deutschland
46f6da48,<entity1>,Austria,Österreichs
a9f45b8e,<entity1>,Achaemenid Empire,Achämenidenreich
6148f8c5,<entity1>,France,Frankreichs
6148f8c5,<entity2>,Battle of Waterloo,Waterloo
1a8cec32,<entity1>,Incas,Inkas
6112a05f,<entity1>,American Revolutionary War,Amerikanische Unabhängigkeitskrieg
99040138,<entity1>,Halo: Combat Evolved,Halo: Kampf um die Zukunft
664a964b,<entity1>,Pac-Man,Pacman
ae7d20e2,<entity1>,Roblox,Roblux
2ea7af30,<entity1>,Call of Duty: Advanced Warfare,Call of Duty: Advanced Warfar
2ea7af30,<entity2>,Jack Mitchell,Jack Mitchell
dd3f2ee9,<entity1>,Peach,Peach
5784f028,<entity1>,Sony PlayStation,Playstation
5784f028,<entity2>,United States,Vereinigten Staaten
07e9be09,<entity1>,Super Smash Bros,Super Smash Bros
93c81475,<entity1>,No Man Sky,No Man's Sky
8228063f,<entity1>,Dragon Age,Dragon-Age-Franchise
54b7c51f,<entity1>,Peach,Peach
54b7c51f,<entity2>,Mario Bros.,Mario Bros
e616fb9d,<entity1>,Pokémon,Pikachu
9a4cf111,<entity1>,Pac-Man,Pac Man
ea3ca05f,<entity1>,Pac-Man,Pac Man
300ddc76,<entity1>,Scotland,Schottland
02b0d81c,<entity1>,Scotland,Schottland
445cc0da,<entity1>,Italy,Italiens
74945f8c,<entity1>,India,Indien
92b34ba1,<entity1>,India,Indien
143a6475,<entity1>,India,Indien
78b8012a,<entity1>,City Building,City Building
78b8012a,<entity2>,Egypt,Ägypten
54859c6c,<entity1>,City Building,City Building
54859c6c,<entity2>,Rome,Rom
b93731b4,<entity1>,Egypt,Ägyptens
8f7b9b53,<entity1>,Egypt,Ägyptens
bb78fd6e,<entity1>,Egypt,Ägyptens
11c1e82d,<entity1>,Egypt,Ägyptens
0f138360,<entity1>,Egypt,Ägyptens
e527e00b,<entity1>,Egypt,Ägypten
a8808c07,<entity1>,Egypt,Ägypten
b5a3eb32,<entity1>,Roman,Großbritannien
2624d8ee,<entity1>,Roman,Großbritanniens
ca177b71,<entity1>,Animal Crossing,Animal Crossing
ca177b71,<entity2>,Europe,Europa
ccefeac6,<entity1>,Animal Crossing,Animal Crossing
ccefeac6,<entity2>,North America,Nordamerika
75ab165c,<entity1>,United States,Vereinigten Staaten
6b752d22,<entity1>,UK,Vereinigten Königreichs
e2f206f0,<entity1>,UK,Vereinigten Königreich
7d4531cc,<entity1>,Alexander the Great,Alexander dem Großen
5d8dc3ff,<entity1>,Academy Award,Oscar
26ebd827,<entity1>,Top Gun,Top Gun
7f368fa5,<entity1>,Academy Awards,Lady Gaga
7f368fa5,<entity2>,Lady Gaga,Beyonce
20188fe1,<entity1>,Fantastic Beasts,Phantastische Tierwesen
9fd5aabd,<entity1>,Star Trek,Star Trek
9fd5aabd,<entity2>,Next Generation,Das nächste Jahrhundert
7079d617,<entity1>,The Conjuring,Conjuring - Die Heimsuchung
7079d617,<entity2>,Patrick Wilson,Patrick Wilson
79eca99c,<entity1>,Avengers,Avengers
79eca99c,<entity2>,Spider-Man,Spiderman
a1b7c1e3,<entity1>,George of the Jungle,George –
a1b7c1e3,<entity2>,George of the Jungle 2,George – Der aus dem Dschungel kam 2
903709ce,<entity1>,Quentin Tarantino,Quentin Tarantino
0fc9e45a,<entity1>,Academy Award,Oscar
c1fd5a40,<entity1>,Back to the Future,Zurück in die Zukunft
ed93c2a2,<entity1>,Bridesmaids,Brautalarm
ed93c2a2,<entity2>,Los Angeles,Los Angeles
99a1c974,<entity1>,Spider-Man,Spiderman
99a1c974,<entity2>,Marvel,Marvel
4c8888da,<entity1>,The Other Guys,Die etwas anderen Cops
4c8888da,<entity2>,Boston,Boston
4c8888da,<entity3>,Massachusetts,Massachusetts
2f724f11,<entity1>,Chris Pratt,Chris Patt
2f724f11,<entity2>,Star-Lord,Star-Lord
13e1f561,<entity1>,German,Oscar
bccd1dde,<entity1>,Slumdog Millionaire,Slumdog Millionär
a1bee914,<entity1>,Silence of the Lambs,Das Schweigen der Lämmer
e1d742c2,<entity1>,A Few Good Men,Eine Frage der Ehre
4ad6bafd,<entity1>,Don Vito Corleone,Don Vito Corleone
4ad6bafd,<entity2>,Godfather,Der Pate
7a5e5ab0,<entity1>,Troy,Troja
e5b42a17,<entity1>,Star Trek,Star-Trek
410887e6,<entity1>,Sylvester Stallone,Sylvester Stallone
410887e6,<entity2>,Academy Award,Oscar
c1c0541b,<entity1>,Child's Play,Chucky – Die Mörderpuppe
675275e6,<entity1>,African American,Academy Award
c0c0bb29,<entity1>,Pirates of the Caribbean,Fluch der Karibik
ccfda890,<entity1>,Pirates of the Caribbean,Fluch der Karibik
b44df782,<entity1>,Hobbit,Der Hobbit
87615bbd,<entity1>,United States,Vereinigten Staaten
234bfa40,<entity1>,Academy Award,Oscar
0e964779,<entity1>,Academy Awards,Oscars
be1ddb92,<entity1>,Beyoncé,Beyonce
be1ddb92,<entity2>,Lion King,Lion King
f765865a,<entity1>,Academy Award,Flügel aus Stahl
7bbc3a01,<entity1>,Shia LaBeouf,Shia Labeouf
7bbc3a01,<entity2>,Transformers,Transformer
9d420cf2,<entity1>,John Williams,John Williams
6bb1e1f2,<entity1>,Jordan Peele,Jordan Peele
6bb1e1f2,<entity2>,Get Out,Get Out
a2db3562,<entity1>,Rob Zombie,Rob Zombie
a2db3562,<entity2>,Marilyn Manson,Marilyn Manson
a2db3562,<entity3>,House of 1000 Corpses,Haus der 1000 Leichen
76eb487f,<entity1>,U2,U2
7f0d30bb,<entity1>,Katy Perry,Kate Perry
7f0d30bb,<entity2>,Dua Lipa,Dua Lipa
55f66920,<entity1>,Boot Camp Clik,Boot Camp Click
55f66920,<entity2>,Bushwick,Bushwick
55f66920,<entity3>,NY,New York
44877c23,<entity1>,MissA,MissA
44877c23,<entity2>,South Korea,Südkorea
1825249b,<entity1>,Billboard Music Awards,Billboard Music Award
1825249b,<entity2>,Lil Wayne,Lil Wayne
c139e5ef,<entity1>,Bob Stinson,Bob Stinson
af53fb59,<entity1>,No Doubt,No Doubt
af53fb59,<entity2>,The Aviator,Aviator
5a63eeaa,<entity1>,White Christmas,Weiße Weihnachten
5a63eeaa,<entity2>,Going My Way,Der Weg zum Glück
852d9a1a,<entity1>,Ridin Dirty,Ridin Dirty
3c574c32,<entity1>,Ariana Grande,Arianan Grandes
3c574c32,<entity2>,Dangerous Woman,Dangerous Woman
3c574c32,<entity3>,Sweetener,Sweetener
a7ef499a,<entity1>,Jay-Z,Jay Z
a7ef499a,<entity2>,Tupac,Tupac
508fb9f8,<entity1>,John Prine,John Prince
508fb9f8,<entity2>,Tree of Forgiveness,Tree of Forgiveness
676ebfdc,<entity1>,Cristiano Ronaldo,Christiano Ronaldo
676ebfdc,<entity2>,Lionel Messi,Lionel Messi
c5fafd00,<entity1>,Super Bowl,Superbowls
da2bf432,<entity1>,Super Bowl,Superbowl
da2bf432,<entity2>,Boyz II Men,Boyz 2 Men
ad1ef319,<entity1>,U.S.,Kuba
ad1ef319,<entity2>,Cárdenas,Cárdenas
89a21e15,<entity1>,Grand Slam,Grand-Slam-Turnier
89a21e15,<entity2>,Pete Sampras,Pete Sampras
03e89f06,<entity1>,Super Bowl,Superbowl
1731de6d,<entity1>,Formula 1,Formel 1
d95e15ff,<entity1>,ASOIAF,Das Lied von Eis und Feuer
d95e15ff,<entity2>,Star Wars,Star Wars
f23c1a33,<entity1>,To Kill a Mockingbird,Wer die Nachtigall stört
4d455465,<entity1>,Bible,Bibel
4d455465,<entity2>,Samson,Samson
4d455465,<entity3>,Delilah,Delilah
1a231cf4,<entity1>,Harry Potter and the Philosopher's Stone,Harry Potter
1a231cf4,<entity2>,The Little Prince,Der kleine Prinz
a3499bf7,<entity1>,Chronicles of Narnia,Chroniken von Narnia
a3499bf7,<entity2>,Lord of the Rings,Herr der Ringe
c41df4c7,<entity1>,Paul Horgan,Paul Horgans
c41df4c7,<entity2>,Pulitzer Prize,Pulitzer-Preis
25002e3b,<entity1>,Eugene O'Neill,Eugene O'Neill
2dfcc66b,<entity1>,Narnia,Narnia
2dfcc66b,<entity2>,Chronicles of Narnia Voyage of the Dawn Treader,Die Chroniken von Narnia
2e2035c4,<entity1>,Chronicles of Narnia,Die Chroniken von Narnia
2e2035c4,<entity2>,Prince Caspian X,Kaspian X.
17bc61e0,<entity1>,Ann Rule,Ted Bundy
6506581f,<entity1>,Christian Bible,Christi
92848dd1,<entity1>,Pulitzer,Pulitzer-Preis
92848dd1,<entity2>,The Underground Railroad,The Underground Railroad
06ac9d7e,<entity1>,A Song of Ice and Fire,Das Lied von Eis und Feier
06ac9d7e,<entity2>,Lady of Winterfell,Winterfell
abca3e36,<entity1>,Lonesome Dove,Weg in die Wildnis
abca3e36,<entity2>,Pulitzer Prize,Pulitzer-Preis
5990982f,<entity1>,The Great Gatsby,Der große Gatsby
b69991e0,<entity1>,The Lord of the Rings,Herr der Ringe-Reihe
95dc97dc,<entity1>,Harry Potter,Harry-Potter-Buch
84d83120,<entity1>,Twilight,Twilight
84d83120,<entity2>,Stephenie Meyers,Stephanie Meyers
4c9b86bc,<entity1>,A Song of Ice and Fire,Das Lied von Eis und Feuer
190ae2cd,<entity1>,Bible,Bibel
190ae2cd,<entity2>,Old Testament,Alten Testament
e22b47b5,<entity1>,J. R. R. Tolkien,R. R.Tolkien
fbd7b0c8,<entity1>,New Testament,Neuen Testaments
1cb45ced,<entity1>,Nobel Prize,Nobelpreis
04ec9a33,<entity1>,Holden Caulfield,Holden Caulfield
04ec9a33,<entity2>,The Catcher in the Rye,Der Fänger im Roggen
0cb2d25a,<entity1>,Stephen King,Stephen King
0cb2d25a,<entity2>,Bram Stoker Award,Bram Stoker Award
86cff5ab,<entity1>,Sully Prudhomme,Sully Prudhomme
86cff5ab,<entity2>,Nobel Prize,Nobelpreis
99dbd28d,<entity1>,Brazil,Brasilien
99dbd28d,<entity2>,Pakistan,Pakistan
7294fb16,<entity1>,Africa,Afrika
7294fb16,<entity2>,Europe,Europa
1b40d411,<entity1>,Caspian Sea,Kaspische Meer
1b40d411,<entity2>,Lake Superior,Lake Superior
4442487a,<entity1>,South American,Kolumbien
4442487a,<entity2>,Colombia,Argentinien
797bab11,<entity1>,Alaska,Alaska
797bab11,<entity2>,California,Kalifornien
f845bb2e,<entity1>,Brazil,Brasilien
f845bb2e,<entity2>,Australia,Australien
473d676a,<entity1>,Dallas,Dallas
473d676a,<entity2>,Texas,Tx
473d676a,<entity3>,Las Vegas,Las Vegas
473d676a,<entity4>,Nevada,Nevada
473d676a,<entity5>,California,Kalifornien
e164dd0c,<entity1>,India,Indien
e164dd0c,<entity2>,Brazil,Brasilien
2d63477c,<entity1>,Texas,Texas
2d63477c,<entity2>,California,Kalifornien
81d2c9c7,<entity1>,Mount Everest,Mount Everest
81d2c9c7,<entity2>,Mont Blanc,Mount Blanc
05aacb9b,<entity1>,Russia,Russland
05aacb9b,<entity2>,China,China
f37ab089,<entity1>,Lake Michigan,Michigansee
f37ab089,<entity2>,Lake Superior,Lake Superior
dd089628,<entity1>,Asia,Asien
dd089628,<entity2>,South America,Südamerika
93c8a2e4,<entity1>,France,Frankreich
93c8a2e4,<entity2>,Albania,Albanien
ae649eaa,<entity1>,Yellow River,Yangtze
2023362f,<entity1>,Brazil,Brasilien
3a8dabec,<entity1>,Central Africa,Zentralafrika
53970744,<entity1>,Australia,Australien
c17e697a,<entity1>,U.S.,Vereinigten Staaten
a3b157c5,<entity1>,South America,Südamerika
e983e565,<entity1>,Mississippi River,Mississippi
cee7ec3b,<entity1>,Australia,Australien
517fba5a,<entity1>,United Kingdom,Vereinigten Königreich
0afe4b48,<entity1>,Brazil,Brasilien
4007e2c8,<entity1>,Asia,Asien
f12bea6a,<entity1>,Hawaiian,Hawaii
27eed8d8,<entity1>,United States,Vereinigten Staaten
0ef151a4,<entity1>,South America,Südamerika
1bee44e0,<entity1>,East China Sea,Ostchinesische Meer
12b61a43,<entity1>,Canada,Kanadas
149b378c,<entity1>,Mahalangur Himalaya,Mahalangur Himalaya
500dbd8b,<entity1>,United States,Vereinigten Staaten
ea1ca99e,<entity1>,Mexico,Mexiko
ea1ca99e,<entity2>,Rio Grande,Rio Grande
56ef7c69,<entity1>,Canada,Kanada
b9c1239f,<entity1>,India,Indiens
b9c1239f,<entity2>,Snow Abode,Snow Abode
8e184deb,<entity1>,Africa,Afrika
54b98258,<entity1>,North America,Nordamerika
b0332ca2,<entity1>,Pacific North West,Salem
4c1176b7,<entity1>,United States,Vereinigten Staaten
4c1176b7,<entity2>,North America,Nordamerikas
82630b6d,<entity1>,Africa,Afrika
82630b6d,<entity2>,Lagos,Lagos
82630b6d,<entity3>,Abuja,Abuja
51d0d3b4,<entity1>,Philippines,Philippinen
af735686,<entity1>,South America,Südamerika
2b9e0b50,<entity1>,UK,Vereinigten Königreich
2b9e0b50,<entity2>,Wales,Wales
2b9e0b50,<entity3>,England,England
1b9040fa,<entity1>,United States,Vereinigten Staaten
853a4508,<entity1>,Europe,Europas
bc5da5fd,<entity1>,Eiffel Tower,Eiffelturm
1ee8e40c,<entity1>,Morocco,Marokko
13cd720a,<entity1>,Europe,Europa
9200a0f9,<entity1>,South America,Südamerikas
0d3ac714,<entity1>,Europe,Europa
9768376e,<entity1>,North America,Nordamerika
4afebc04,<entity1>,Europe,Europa
c2afeaa4,<entity1>,United States,Vereinigten Staaten
a4728c8c,<entity1>,Europe,Europas
dbd11a48,<entity1>,Europe,Europas
3db06647,<entity1>,Canada,Kanada
f18090c8,<entity1>,Mexico,Mexiko
56d7a998,<entity1>,Iceland,Island
1ea0c735,<entity1>,India,Indiens
546ede41,<entity1>,Africa,Afrikas
ef2498b1,<entity1>,Athens,Athen
ef2498b1,<entity2>,Greece,Griechenlands
eef2eca2,<entity1>,Berlin,Berlin
eef2eca2,<entity2>,Germany,Deutschland
623e92ad,<entity1>,Budapest,Budapest
623e92ad,<entity2>,Hungary,Ungarn
622a14dc,<entity1>,Atlas Mountains,Atlasgebirge
622a14dc,<entity2>,Greece,Griechenland
486b60ea,<entity1>,California,Kalifornien
486b60ea,<entity2>,United States,USA
941b5290,<entity1>,California,Kalifornien
941b5290,<entity2>,Rhode Island,Rhode Island
bb4be372,<entity1>,California,Kalifornien
bb4be372,<entity2>,Texas,Texas
20e39936,<entity1>,California,Kalifornien
20e39936,<entity2>,Delaware,Delaware
93aa5c43,<entity1>,Jerry Brown,Jerry Brown
ee46113c,<entity1>,California,Kalifornien
f8f03fd0,<entity1>,U.S.,USA
4724baa6,<entity1>,California,Kaliforniens
4724baa6,<entity2>,San Francisco,San Francisco
d9a72085,<entity1>,California,Kalifornien
a2836aff,<entity1>,United States,Vereinigten Staaten
6dc5d2d8,<entity1>,United States,Vereinigten Staaten
b1251903,<entity1>,United States,USA
134ba55b,<entity1>,Franklin D Roosevelt,Franklin D. Roosevelts
134ba55b,<entity2>,United States,Vereinigten Staaten
56a0403b,<entity1>,United States,Vereinigten Staaten
8166fd1d,<entity1>,United States,Vereinigten Staaten
099d9b9d,<entity1>,USA,USA
70eb3528,<entity1>,Nelson Mandela,Nelson Mandela
70eb3528,<entity2>,South Africa,Südafrika
38f9f3e2,<entity1>,United Kingdom,Vereinigte Königreich
c19ff303,<entity1>,Philippines,Philippinen
91aafc2f,<entity1>,European Parliament,Europäischen Parlament
844aef01,<entity1>,Kingdom Hearts,Toy Story World
956cbf52,<entity1>,Rare,Rare
a7391b67,<entity1>,Princess Peach,Peach
9780f536,<entity1>,Harmonix,Harmonix
87d9f145,<entity1>,Soul Calibur,Soul Calibur
276f0444,<entity1>,Assassin's Creed,Assassins Creed
0f60219b,<entity1>,Supergiant Games,Suppergiant Games
0f60219b,<entity2>,Zagreus,Zagreus
8cd5f008,<entity1>,Legend of Zelda,Legend of Zelda
8cd5f008,<entity2>,North America,Nordamerika
2943fc0d,<entity1>,Pokémon,Pokemon
2943fc0d,<entity2>,Pokémon,Pokemon
5c7f4f9b,<entity1>,Pokémon,Pokemon
d5f0d5a7,<entity1>,Pokedex,Pokedex
832c1b91,<entity1>,Assassin's Creed,Assassins Creed
cd181fde,<entity1>,North Korea,Nordkoreas
cd181fde,<entity2>,Kim Il-sung,Kim Il-sung
cd181fde,<entity3>,Kim Jong-il,Kim Jong-il
60ada3ab,<entity1>,Arab-Israeli War,Vietnamkrieg
cf143226,<entity1>,Ulysses S Grant,Ulysses S. Grant
cf143226,<entity2>,Abe Lincoln,Abraham Lincoln
e6bb3db5,<entity1>,World War,Zweiten Weltkrieg
e6bb3db5,<entity2>,World War I,Ersten
3f0bc8bf,<entity1>,America,Amerika
3f0bc8bf,<entity2>,Amerigo Vespucci,Amerigo Vespucci
3f0bc8bf,<entity3>,Christopher Columbus,Christoph Kolumbus
ad77cf2f,<entity1>,Erie Canal,Eriekanal
ad77cf2f,<entity2>,Trans-Continental Railroad,Transcontinental Railroad
506268f5,<entity1>,Korean War,Koreakrieg
506268f5,<entity2>,Gulf War,Golfkrieg
944601c0,<entity1>,UK,Vereinigten Königreichs
944601c0,<entity2>,Margaret Thatcher,Margaret Thatcher
944601c0,<entity3>,Tony Blair,Tony Blair
639418bb,<entity1>,Henry III,Heinrich III
639418bb,<entity2>,England,von England
639418bb,<entity3>,Edward III,Eduard III
639418bb,<entity4>,England,von England
bfa873d0,<entity1>,Canadian,Kanada
bfa873d0,<entity2>,Kim Campbell,Kim Campbell
bfa873d0,<entity3>,William Mackenzie King,William Mackenzie King
a35e080e,<entity1>,Americans,Zweiten Weltkrieg
dc47b329,<entity1>,Panama Canal,Panamakanal
dc47b329,<entity2>,Teddy Roosevelt,Theodore Roosevelt
73c9d3d3,<entity1>,Vietnam War,Vietnamkrieg
73c9d3d3,<entity2>,World War II,Zweite Weltkrieg
668fb3b3,<entity1>,Ethiopia,Äthiopien
668fb3b3,<entity2>,Nigeria,Nigeria
5f7ee9d3,<entity1>,World War II,Weltkrieg
5f7ee9d3,<entity2>,Germany,Deutschland
2921c5ba,<entity1>,Vietnam War,Vietnamkrieg
2921c5ba,<entity2>,Korean War,Koreakrieg
d4f801a4,<entity1>,Achaemenid Empire,Achämenidenreich
d4f801a4,<entity2>,Mongol Empire,Mongolenreich
2c886c3f,<entity1>,Solomon,Salomon
ee81ff5b,<entity1>,Hawaiian Islands,Hawaii-Inseln
ffff6029,<entity1>,United States,Vereinigten Staaten
0253e000,<entity1>,Elizabeth II,Elisabeth II.
3cbb075c,<entity1>,Warsaw Pact,Warschauer Pakts
b211630d,<entity1>,Napoleon,Napoleon
b211630d,<entity2>,Napoleonic Wars,Napoleonischen Kriege
2042132d,<entity1>,George,Georg
e899b602,<entity1>,Great Britain,Großbritannien
e899b602,<entity2>,America,Amerika
a77697a5,<entity1>,Philip IV,Philip IV von Frankreich
55fd2a32,<entity1>,Russia,Russland
ca820179,<entity1>,Australia,Australien
195f18f3,<entity1>,Henry VIII,Heinrich VIII
491501df,<entity1>,Battle of the Little Bighorn,Little Bighorn
aca90aa1,<entity1>,Battle of Chancellorsville,Chancellorsville
ec64d094,<entity1>,Battle of Midway,Midway
5d0aa441,<entity1>,United States,Vereinigten Staaten
823d7491,<entity1>,US,USA
67f5d6f0,<entity1>,United States,Vereinigten Staaten
fa7ee714,<entity1>,John Parke Custis,John Parke Curtis
ad6cbae4,<entity1>,North America,Nordamerika
ad6cbae4,<entity2>,Louisiana Purchase,Louisiana Purchase
9993a79b,<entity1>,World War II,Zweiten Weltkrieg
cc3b5f9b,<entity1>,Nile Delta,Nildelta
cc3b5f9b,<entity2>,Khufu,Chr
0e9a6c56,<entity1>,World War II,Weltkrieg
68476342,<entity1>,Mount Rushmore,Rushmore
68476342,<entity2>,United States,Vereinigten Staaten
d52b3123,<entity1>,United Kingdom,Vereinigten Königreichs
d52b3123,<entity2>,Hanover,Hannover
d0c4859c,<entity1>,United States,Vereinigten Staaten
8067a1a6,<entity1>,France,Frankreich
8067a1a6,<entity2>,Alexander the Great,Alexander der Große
9a95b4b5,<entity1>,United States,Vereinigten Staaten
e75c4a1d,<entity1>,Japanese,Zweiten Weltkrieg
e75c4a1d,<entity2>,Kyushu,Kyushu
02edf56a,<entity1>,John Calvin,Johannes Calvins
2b6743e5,<entity1>,Great Britain,Großbritannien
2b2c4f25,<entity1>,Marc Anthony,Marc Antons
2b2c4f25,<entity2>,Egypt,Ägypten
9afa8edd,<entity1>,Great Britain,Großbritannien
9afa8edd,<entity2>,World War 2,Zweiten Weltkriegs
7e5e9c95,<entity1>,Philip II,Philipp II
7e5e9c95,<entity2>,Macedonia,Makedonien
8a6a8515,<entity1>,North America,Nordamerikas
9416adc9,<entity1>,Louis XVI,Ludwig XVI.
990c63bd,<entity1>,Russia,Russland
5d940b68,<entity1>,United States,Vereinigten Staaten
447e31d9,<entity1>,Elizabeth II,Elisabeth II
ab9a9506,<entity1>,United States,Vereinigten Staaten
1eda5d4d,<entity1>,United States,Vereinigten Staaten
1eda5d4d,<entity2>,Pearl Harbor,Pearl Harbor
5033b17a,<entity1>,Alexander the Great,Alexander dem Großen
df1d3930,<entity1>,United States,Vereinigten Staaten
6f29b33b,<entity1>,Ramessid,Ramessiden
6f29b33b,<entity2>,Egypt,Ägypten
c76aee80,<entity1>,United States of America,Vereinigten Staaten von Amerika
1843b3b2,<entity1>,Germany,Deutschlands
7927c302,<entity1>,Egypt,Ägypten
8d2061ba,<entity1>,Southeast Asia,Südostasien
a0561dea,<entity1>,French,Frankreichs
c4f48ff0,<entity1>,World War I,Ersten Weltkriegs
fd3972cd,<entity1>,World War II,Zweiten Weltkriegs
3517f8de,<entity1>,American Revolution,Amerikanischen Revolution
e468d240,<entity1>,Canada,Kanadas
f5b6d44c,<entity1>,US,USA
f5b6d44c,<entity2>,Vietnam War,Vietnam-Krieg
fafbc678,<entity1>,Battle of Gettysburg,Gettysburg
cee014aa,<entity1>,Ottoman Empire,Osmanische Reich
2a0b93de,<entity1>,Alexander the Great,Alexander der Große
ebe5ecfe,<entity1>,Tiberius,Tiberius
ebe5ecfe,<entity2>,Rome,Rom
e258ffa9,<entity1>,Nero,Nero
e258ffa9,<entity2>,Rome,Rom
582d6a8e,<entity1>,Abraham Lincoln,Abraham Lincoln
582d6a8e,<entity2>,United States,Vereinigten Staaten
350240e4,<entity1>,Renaissance,Ranaissance
d5179a72,<entity1>,Baqet III,Baket III
9b03b657,<entity1>,Nicholas II,Nikolaus II
9b03b657,<entity2>,Russia,Russlands
0874da84,<entity1>,Nicholas II,Nikolaus II
ead5d2b4,<entity1>,Switzerland,Hitler
ead5d2b4,<entity2>,World War II,Zweiten Weltkrieg
bef619b6,<entity1>,Augustus,Augustus
bef619b6,<entity2>,Rome,Rom
88ccdd18,<entity1>,United States,Staaten
88ccdd18,<entity2>,Japan,Japan
88ccdd18,<entity3>,Pearl Harbor,Pearl Harbor
d8d99454,<entity1>,Brad Pitt,Brat Pitt
1a8b2f33,<entity1>,Pirates of the Caribbean,Fluch der Karibik
72d1e6dd,<entity1>,The Godfather,Der Pate
5816253d,<entity1>,Albus Dumbledore,Albus Dumbledore
5816253d,<entity2>,Richard Gambon,Richard Gambon
5816253d,<entity3>,Harry Potter,Harry-Potter-Filmreihe
cd39df7a,<entity1>,Everybody's Changing,Everybodys Changing
cd39df7a,<entity2>,Somewhere Only We Know,Somewhere Only We Know
4aaa6f8f,<entity1>,Grammy Awards,Grammy Awards
4aaa6f8f,<entity2>,Jay-Z,Jay Z
dc43942a,<entity1>,Academy Awards,Oscars
dc43942a,<entity2>,The Beatles,Beatles
c3838e3f,<entity1>,Beyoncé,Beyonce
61124b60,<entity1>,Bruno Mars,Bruno Mars
61124b60,<entity2>,Anderson Paak,Anderson Paak
61124b60,<entity3>,Silk Sonic,Silk Sonic
c781fe23,<entity1>,Michael Schumacher,Michael Schumacher
41eb4c78,<entity1>,California,Kalifornien
d65e3b76,<entity1>,Boston Bruins,Boston Bruins
1a25352f,<entity1>,Andrés Iniesta,Andres Iniesta
1a25352f,<entity2>,Barcelona,FC Barcelona
4e242d7f,<entity1>,Olympics,Olympischen Spiele
169af776,<entity1>,George Orwell,George Orwell
169af776,<entity2>,Animal Farm,Farm der Tiere
2ba64f93,<entity1>,The Fellowship of the Ring,Die zwei Türme
2ba64f93,<entity2>,The Two Towers,Die Gefährten
79ea6d48,<entity1>,Chronicles of Narnia,Die Chroniken von Narnia
79ea6d48,<entity2>,Hardy Boys,Die Hardy Boys
3a4a1ded,<entity1>,Witch,Der Löwe und die Hexe
3a4a1ded,<entity2>,Wardrobe,Narnia
7329c676,<entity1>,A Time to Kill,Die Jury
b35e6a41,<entity1>,Lemony Snicket,Lemony-Snicket-Buchs
42c55b4e,<entity1>,Egypt,Ägypten
42c55b4e,<entity2>,Turkey,Türkei
362de701,<entity1>,Canada,Kanada
362de701,<entity2>,United States,Vereinigten Staaten
0b4093d5,<entity1>,South American,Lake Maracaibo
0b4093d5,<entity2>,Lake Maracaibo,Lake Nicaragua
4a20076c,<entity1>,Zugspitze,Großglockner
573b65fc,<entity1>,Great Britain,Großbritannien
8d32eb27,<entity1>,United States,Vereinigten Staaten
e433a29c,<entity1>,Europe,Europa
2ec551ed,<entity1>,Himalayas,Himalaya
2cc1a1f6,<entity1>,Mount Fuji,Fuji
ccd71591,<entity1>,South America,Südamerika
d9f6fe84,<entity1>,Asia,Asien
04996b24,<entity1>,Brazil,Brasilien
69416e74,<entity1>,United States,Vereinigten Staaten
b85a6e14,<entity1>,Europe,Europa
828e7ac4,<entity1>,Dresden,Dresden
828e7ac4,<entity2>,Germany,Deutschland
d258138c,<entity1>,North America,Nordamerika
67be558b,<entity1>,California,Kalifornien
67be558b,<entity2>,Texas,Texas
0f9b5098,<entity1>,California,Kalifornien
370458d8,<entity1>,Spanish-American War,Spanisch-Amerikanischen Krieges
1ecc955a,<entity1>,United States,Vereinigten Staaten
65d0920e,<entity1>,United States,Vereinigten Staaten
97f1fe1a,<entity1>,United States,Vereinigte Staaten
2ff1c56a,<entity1>,United States,Vereinigte Staaten
3e619aee,<entity1>,United States,Vereinigten Staaten
58269452,<entity1>,United States,Vereinigten Staaten
87634cfa,<entity1>,United States,Vereinigten Staaten
702c7946,<entity1>,Blackpink,Blackpink
702c7946,<entity2>,Australia,Australien
fe2d3f0b,<entity1>,NSYNC,NSYNC
fe2d3f0b,<entity2>,Friends with Benefits,Freunde
291a1182,<entity1>,Massachusetts,Massachusetts
d765d5fd,<entity1>,South Africa,Südafrika
e993d5ec,<entity1>,Harry Potter,Harry Potter
e993d5ec,<entity2>,Lord of the Rings,Der Herr der Ringe
61eb1e66,<entity1>,UK,Vereinigten Königreichs
750c7822,<entity1>,Canada,Kanada
50f6a65d,<entity1>,Tom Clancy,Tom Clancys
50f6a65d,<entity2>,Without Remorse,Ohne Reue
50f6a65d,<entity3>,Vietnam War,Vietnamkrieges
e6f29b34,<entity1>,Egypt,Ägyptens
ced5adfa,<entity1>,God of War,God of War
ced5adfa,<entity2>,North America,Nordamerika
5184a7a6,<entity1>,Beijing,Peking
5184a7a6,<entity2>,Italy,Italiens
890418d9,<entity1>,Lake Baikal,Baikalsee
890418d9,<entity2>,Russia,Russland
047337be,<entity1>,Iceland,Island
62dcda17,<entity1>,Rome,Rom
12b557a7,<entity1>,Assassin's Creed,Assassin's Creed
12b557a7,<entity2>,Egypt,Ägypten
5b68e447,<entity1>,United States,Vereinigten Staaten
1acae2ae,<entity1>,United States,Vereinigten Staaten
c01e3684,<entity1>,United States,Vereinigten Staaten
5d540632,<entity1>,Super Mario Bros.,Super Mario Bros.
5d540632,<entity2>,Princess Peach,Peach
7fa54167,<entity1>,The Lion King,König der Löwen
7fa54167,<entity2>,Aladdin,Aladdin
4f2aa866,<entity1>,United States,Vereinigten Staaten
8598eb8d,<entity1>,South America,Südamerika
b18eaaad,<entity1>,Mexico,Mexiko
33063d32,<entity1>,Final Fantasy,Final-Fantasy-Reihe
33063d32,<entity2>,Cloud,Cloud
f166b8ab,<entity1>,Ellen DeGeneres,Ellen de Generes
b214b34a,<entity1>,Academy Award,Oscar
b214b34a,<entity2>,Denzel Washington,Denzel Washington
fa41ebe9,<entity1>,Oscars,Oscar
3fec5e60,<entity1>,Spider-Man,Spiderman
239578f2,<entity1>,Black Sabbath,Black Sabbath
239578f2,<entity2>,UK,Vereinigten Königreich
136c7102,<entity1>,Camilla Cabello,Camilla Cabellos
fccd72ba,<entity1>,The Material Girl,Material Girl
163f7d4b,<entity1>,Missy Elliot,Missy Elliots
4946654e,<entity1>,World Series,Serie
fd0ae114,<entity1>,Mr. Fox,Der fantastische Mr. Fox
bebd72d0,<entity1>,C. S. Lewis,Lewis
57ba9cee,<entity1>,Alice in Wonderland,Alice im Wunderland
041ebff1,<entity1>,Kane Chronicles,Kane-Chroniken
8da7501d,<entity1>,Catcher in the Rye,Der Fänger im Roggen
b062461c,<entity1>,To the Lighthouse,Die Fahrt zum Leuchtturm
ec83e250,<entity1>,Franz Kafka,Franz Kafkas
ec83e250,<entity2>,The Metamorphosis,Die Verwandlung
beff2711,<entity1>,Harry Potter,Harry-Potter-Buch
54e822c0,<entity1>,Dark Tower,Der Dunkle Turm
ea6c6c3d,<entity1>,Stanley,Stanley
ea6c6c3d,<entity2>,Louis Sachar,Louis Sacher
7602f1dd,<entity1>,Paddington Bear,Paddington Bär
e00c8284,<entity1>,The Scarlet Letter,Der Scharlachrote Buchstabe
b37be3a0,<entity1>,Violet Klaus,Violet
b37be3a0,<entity2>,Sunny,Sunny
4f2a749e,<entity1>,Leaning Tower of Pisa,Pisa
b8e87467,<entity1>,Karachi,Karatschi
b8e87467,<entity2>,Pakistan,Pakistan
b8e87467,<entity3>,UN,UN
98931fad,<entity1>,Topkapi Palace,Topkapi-Palast
7063ef62,<entity1>,City of Lakes,Vereinigten Staaten
d8c4cbef,<entity1>,Statue of Liberty,Freiheitsstatue
d8c4cbef,<entity2>,America,Amerika
416b9a99,<entity1>,Spain,Spaniens
4a86a12f,<entity1>,South America,Südamerika
365b679e,<entity1>,Europe,Europa
80b8730a,<entity1>,South Africa,Südafrika
3af374d9,<entity1>,George W. Bush,George W. Bush
4db5e01d,<entity1>,European Union,Europäischen Union
62167784,<entity1>,Africa,Afrika
8434accc,<entity1>,United States,Verinigten Staaten
01f4c05e,<entity1>,Qatar,Quatar
01f4c05e,<entity2>,Mohammed Bin Thani,Mohammed Bin Thani
bcb90108,<entity1>,South Sudan,Südsudan
020676e5,<entity1>,Zimbabwe,Simbabwe
a4c81b50,<entity1>,United States,Vereinigten Staaten
8547ee1a,<entity1>,Brazil,Brasilien
1c6c85f3,<entity1>,Brazil,Brasiliens
5a294cc0,<entity1>,United Kingdom,Vereinigten Königreichs
cc4b80ca,<entity1>,Bolivia,Bolivien
dc5887f1,<entity1>,World War II,Zweiten Weltkriegs
7fc55fcb,<entity1>,Mexico,Mexiko
285218ca,<entity1>,Babylonia,Babylonien
faa55580,<entity1>,Hundred Years' War,Hundertjährige Krieg
d31fa2e2,<entity1>,World War I,Erste Weltkrieg
9487497b,<entity1>,Khmer Rouge,Roten Khmer
ffb0fa74,<entity1>,Carrington Event,Carrington
85a150fa,<entity1>,WW I,Ersten Weltkriegs
93896abe,<entity1>,Mexico,Mexiko
c5aab9d3,<entity1>,Egypt,Ägypten
348e9b67,<entity1>,Egypt,Ägypten
28cb666e,<entity1>,United States,Vereinigten Staaten
08ccdd42,<entity1>,Red October Revolution,Oktoberrevolution
eb45e07c,<entity1>,Canada,Kanada
f1d1f41c,<entity1>,Ottoman Empire,Osmanische Reich
e7568709,<entity1>,Eiffel Tower,Eiffelturm
ef769c57,<entity1>,José Sarney,José Sarney
95d9e9a2,<entity1>,Germany,Deutschland
95d9e9a2,<entity2>,Poland,Polen
c9c40b49,<entity1>,Cuba,Kuba
4a35af8b,<entity1>,Roman,Großbritanniens
650ed632,<entity1>,Victoria,Viktorias
